﻿<?xml version="1.0" encoding="utf-8"?>
<RegistryAssemblyConfiguration Name="CoreProfile">
	<Feature Api="gl" Profile="(?!compatibility)"  />
	<Feature Api="glcore" Profile="(?!compatibility)" />
	<!-- Extension list got grepping gl.xml using glcore on extensions element -->
	<Extensions>
		<Extension>GL_AMD_performance_monitor</Extension>
		<Extension>GL_APPLE_rgb_422</Extension>
		<Extension>GL_ARB_ES2_compatibility</Extension>
		<Extension>GL_ARB_ES3_1_compatibility</Extension>
		<Extension>GL_ARB_ES3_2_compatibility</Extension>
		<Extension>GL_ARB_ES3_compatibility</Extension>
		<Extension>GL_ARB_arrays_of_arrays</Extension>
		<Extension>GL_ARB_base_instance</Extension>
		<Extension>GL_ARB_bindless_texture</Extension>
		<Extension>GL_ARB_blend_func_extended</Extension>
		<Extension>GL_ARB_buffer_storage</Extension>
		<Extension>GL_ARB_cl_event</Extension>
		<Extension>GL_ARB_clear_buffer_object</Extension>
		<Extension>GL_ARB_clear_texture</Extension>
		<Extension>GL_ARB_clip_control</Extension>
		<Extension>GL_ARB_compressed_texture_pixel_storage</Extension>
		<Extension>GL_ARB_compute_shader</Extension>
		<Extension>GL_ARB_compute_variable_group_size</Extension>
		<Extension>GL_ARB_conditional_render_inverted</Extension>
		<Extension>GL_ARB_conservative_depth</Extension>
		<Extension>GL_ARB_copy_buffer</Extension>
		<Extension>GL_ARB_copy_image</Extension>
		<Extension>GL_ARB_cull_distance</Extension>
		<Extension>GL_ARB_debug_output</Extension>
		<Extension>GL_ARB_depth_buffer_float</Extension>
		<Extension>GL_ARB_depth_clamp</Extension>
		<Extension>GL_ARB_derivative_control</Extension>
		<Extension>GL_ARB_direct_state_access</Extension>
		<Extension>GL_ARB_draw_buffers_blend</Extension>
		<Extension>GL_ARB_draw_elements_base_vertex</Extension>
		<Extension>GL_ARB_draw_indirect</Extension>
		<Extension>GL_ARB_draw_instanced</Extension>
		<Extension>GL_ARB_enhanced_layouts</Extension>
		<Extension>GL_ARB_explicit_attrib_location</Extension>
		<Extension>GL_ARB_explicit_uniform_location</Extension>
		<Extension>GL_ARB_fragment_coord_conventions</Extension>
		<Extension>GL_ARB_fragment_layer_viewport</Extension>
		<Extension>GL_ARB_fragment_shader_interlock</Extension>
		<Extension>GL_ARB_framebuffer_no_attachments</Extension>
		<Extension>GL_ARB_framebuffer_object</Extension>
		<Extension>GL_ARB_framebuffer_sRGB</Extension>
		<Extension>GL_ARB_geometry_shader4</Extension>
		<Extension>GL_ARB_get_program_binary</Extension>
		<Extension>GL_ARB_get_texture_sub_image</Extension>
		<Extension>GL_ARB_gpu_shader5</Extension>
		<Extension>GL_ARB_gpu_shader_fp64</Extension>
		<Extension>GL_ARB_gpu_shader_int64</Extension>
		<Extension>GL_ARB_half_float_vertex</Extension>
		<Extension>GL_ARB_imaging</Extension>
		<Extension>GL_ARB_indirect_parameters</Extension>
		<Extension>GL_ARB_instanced_arrays</Extension>
		<Extension>GL_ARB_internalformat_query</Extension>
		<Extension>GL_ARB_internalformat_query2</Extension>
		<Extension>GL_ARB_invalidate_subdata</Extension>
		<Extension>GL_ARB_map_buffer_alignment</Extension>
		<Extension>GL_ARB_map_buffer_range</Extension>
		<Extension>GL_ARB_multi_bind</Extension>
		<Extension>GL_ARB_multi_draw_indirect</Extension>
		<Extension>GL_ARB_occlusion_query2</Extension>
		<Extension>GL_ARB_parallel_shader_compile</Extension>
		<Extension>GL_ARB_pipeline_statistics_query</Extension>
		<Extension>GL_ARB_pixel_buffer_object</Extension>
		<Extension>GL_ARB_post_depth_coverage</Extension>
		<Extension>GL_ARB_program_interface_query</Extension>
		<Extension>GL_ARB_provoking_vertex</Extension>
		<Extension>GL_ARB_query_buffer_object</Extension>
		<Extension>GL_ARB_robust_buffer_access_behavior</Extension>
		<Extension>GL_ARB_robustness</Extension>
		<Extension>GL_ARB_robustness_isolation</Extension>
		<Extension>GL_ARB_sample_locations</Extension>
		<Extension>GL_ARB_sample_shading</Extension>
		<Extension>GL_ARB_sampler_objects</Extension>
		<Extension>GL_ARB_seamless_cube_map</Extension>
		<Extension>GL_ARB_seamless_cubemap_per_texture</Extension>
		<Extension>GL_ARB_separate_shader_objects</Extension>
		<Extension>GL_ARB_shader_atomic_counter_ops</Extension>
		<Extension>GL_ARB_shader_atomic_counters</Extension>
		<Extension>GL_ARB_shader_ballot</Extension>
		<Extension>GL_ARB_shader_bit_encoding</Extension>
		<Extension>GL_ARB_shader_clock</Extension>
		<Extension>GL_ARB_shader_draw_parameters</Extension>
		<Extension>GL_ARB_shader_group_vote</Extension>
		<Extension>GL_ARB_shader_image_load_store</Extension>
		<Extension>GL_ARB_shader_image_size</Extension>
		<Extension>GL_ARB_shader_precision</Extension>
		<Extension>GL_ARB_shader_stencil_export</Extension>
		<Extension>GL_ARB_shader_storage_buffer_object</Extension>
		<Extension>GL_ARB_shader_subroutine</Extension>
		<Extension>GL_ARB_shader_texture_image_samples</Extension>
		<Extension>GL_ARB_shader_viewport_layer_array</Extension>
		<Extension>GL_ARB_shading_language_420pack</Extension>
		<Extension>GL_ARB_shading_language_include</Extension>
		<Extension>GL_ARB_shading_language_packing</Extension>
		<Extension>GL_ARB_sparse_buffer</Extension>
		<Extension>GL_ARB_sparse_texture</Extension>
		<Extension>GL_ARB_sparse_texture2</Extension>
		<Extension>GL_ARB_sparse_texture_clamp</Extension>
		<Extension>GL_ARB_gl_spirv</Extension>
		<Extension>GL_ARB_stencil_texturing</Extension>
		<Extension>GL_ARB_sync</Extension>
		<Extension>GL_ARB_tessellation_shader</Extension>
		<Extension>GL_ARB_texture_barrier</Extension>
		<Extension>GL_ARB_texture_border_clamp</Extension>
		<Extension>GL_ARB_texture_buffer_object</Extension>
		<Extension>GL_ARB_texture_buffer_object_rgb32</Extension>
		<Extension>GL_ARB_texture_buffer_range</Extension>
		<Extension>GL_ARB_texture_compression_bptc</Extension>
		<Extension>GL_ARB_texture_compression_rgtc</Extension>
		<Extension>GL_ARB_texture_cube_map_array</Extension>
		<Extension>GL_ARB_texture_filter_minmax</Extension>
		<Extension>GL_ARB_texture_gather</Extension>
		<Extension>GL_ARB_texture_mirror_clamp_to_edge</Extension>
		<Extension>GL_ARB_texture_mirrored_repeat</Extension>
		<Extension>GL_ARB_texture_multisample</Extension>
		<Extension>GL_ARB_texture_non_power_of_two</Extension>
		<Extension>GL_ARB_texture_query_levels</Extension>
		<Extension>GL_ARB_texture_query_lod</Extension>
		<Extension>GL_ARB_texture_rg</Extension>
		<Extension>GL_ARB_texture_rgb10_a2ui</Extension>
		<Extension>GL_ARB_texture_stencil8</Extension>
		<Extension>GL_ARB_texture_storage</Extension>
		<Extension>GL_ARB_texture_storage_multisample</Extension>
		<Extension>GL_ARB_texture_swizzle</Extension>
		<Extension>GL_ARB_texture_view</Extension>
		<Extension>GL_ARB_timer_query</Extension>
		<Extension>GL_ARB_transform_feedback2</Extension>
		<Extension>GL_ARB_transform_feedback3</Extension>
		<Extension>GL_ARB_transform_feedback_instanced</Extension>
		<Extension>GL_ARB_transform_feedback_overflow_query</Extension>
		<Extension>GL_ARB_uniform_buffer_object</Extension>
		<Extension>GL_ARB_vertex_array_bgra</Extension>
		<Extension>GL_ARB_vertex_array_object</Extension>
		<Extension>GL_ARB_vertex_attrib_64bit</Extension>
		<Extension>GL_ARB_vertex_attrib_binding</Extension>
		<Extension>GL_ARB_vertex_type_10f_11f_11f_rev</Extension>
		<Extension>GL_ARB_vertex_type_2_10_10_10_rev</Extension>
		<Extension>GL_ARB_viewport_array</Extension>
		<Extension>GL_EXT_debug_label</Extension>
		<Extension>GL_EXT_debug_marker</Extension>
		<Extension>GL_EXT_draw_instanced</Extension>
		<Extension>GL_EXT_polygon_offset_clamp</Extension>
		<Extension>GL_EXT_post_depth_coverage</Extension>
		<Extension>GL_EXT_raster_multisample</Extension>
		<Extension>GL_EXT_separate_shader_objects</Extension>
		<Extension>GL_EXT_shader_integer_mix</Extension>
		<Extension>GL_EXT_texture_compression_s3tc</Extension>
		<Extension>GL_EXT_texture_filter_minmax</Extension>
		<Extension>GL_EXT_texture_sRGB_decode</Extension>
		<Extension>GL_EXT_window_rectangles</Extension>
		<Extension>GL_INTEL_conservative_rasterization</Extension>
		<Extension>GL_INTEL_framebuffer_CMAA</Extension>
		<Extension>GL_INTEL_performance_query</Extension>
		<Extension>GL_KHR_blend_equation_advanced</Extension>
		<Extension>GL_KHR_blend_equation_advanced_coherent</Extension>
		<Extension>GL_KHR_context_flush_control</Extension>
		<Extension>GL_KHR_debug</Extension>
		<Extension>GL_KHR_no_error</Extension>
		<Extension>GL_KHR_robust_buffer_access_behavior</Extension>
		<Extension>GL_KHR_robustness</Extension>
		<Extension>GL_KHR_texture_compression_astc_hdr</Extension>
		<Extension>GL_KHR_texture_compression_astc_ldr</Extension>
		<Extension>GL_KHR_texture_compression_astc_sliced_3d</Extension>
		<Extension>GL_NV_bindless_multi_draw_indirect</Extension>
		<Extension>GL_NV_bindless_multi_draw_indirect_count</Extension>
		<Extension>GL_NV_bindless_texture</Extension>
		<Extension>GL_NV_blend_equation_advanced</Extension>
		<Extension>GL_NV_blend_equation_advanced_coherent</Extension>
		<Extension>GL_NV_clip_space_w_scaling</Extension>
		<Extension>GL_NV_command_list</Extension>
		<Extension>GL_NV_conditional_render</Extension>
		<Extension>GL_NV_conservative_raster</Extension>
		<Extension>GL_NV_conservative_raster_dilate</Extension>
		<Extension>GL_NV_conservative_raster_pre_snap_triangles</Extension>
		<Extension>GL_NV_draw_vulkan_image</Extension>
		<Extension>GL_NV_fill_rectangle</Extension>
		<Extension>GL_NV_fragment_coverage_to_color</Extension>
		<Extension>GL_NV_fragment_shader_interlock</Extension>
		<Extension>GL_NV_framebuffer_mixed_samples</Extension>
		<Extension>GL_NV_framebuffer_multisample_coverage</Extension>
		<Extension>GL_NV_geometry_shader_passthrough</Extension>
		<Extension>GL_NV_gpu_shader5</Extension>
		<Extension>GL_NV_internalformat_sample_query</Extension>
		<Extension>GL_NV_path_rendering</Extension>
		<Extension>GL_NV_path_rendering_shared_edge</Extension>
		<Extension>GL_NV_sample_locations</Extension>
		<Extension>GL_NV_sample_mask_override_coverage</Extension>
		<Extension>GL_NV_shader_atomic_counters</Extension>
		<Extension>GL_NV_shader_atomic_float</Extension>
		<Extension>GL_NV_shader_atomic_float64</Extension>
		<Extension>GL_NV_shader_atomic_fp16_vector</Extension>
		<Extension>GL_NV_shader_atomic_int64</Extension>
		<Extension>GL_NV_shader_buffer_load</Extension>
		<Extension>GL_NV_shader_buffer_store</Extension>
		<Extension>GL_NV_shader_thread_group</Extension>
		<Extension>GL_NV_shader_thread_shuffle</Extension>
		<Extension>GL_NV_stereo_view_rendering</Extension>
		<Extension>GL_NV_texture_barrier</Extension>
		<Extension>GL_NV_uniform_buffer_unified_memory</Extension>
		<Extension>GL_NV_vertex_attrib_integer_64bit</Extension>
		<Extension>GL_NV_vertex_buffer_unified_memory</Extension>
		<Extension>GL_NV_viewport_array2</Extension>
		<Extension>GL_NV_viewport_swizzle</Extension>
		<Extension>GL_OVR_multiview</Extension>
		<Extension>GL_OVR_multiview2</Extension>
	</Extensions>
</RegistryAssemblyConfiguration>