﻿<?xml version="1.0" encoding="utf-8" ?>
<RegistryAssemblyConfiguration Name="ES2Profile">
	<!-- Include gles2 API only -->
	<Feature Api="gles2" />
	<!-- Extension list got from https://www.khronos.org/registry/OpenGL/index_es.php -->
	<Extensions>
		<Extension>GL_OES_blend_equation_separate</Extension>
		<Extension>GL_OES_blend_func_separate</Extension>
		<Extension>GL_OES_blend_subtract</Extension>
		<Extension>GL_OES_byte_coordinates</Extension>
		<Extension>GL_OES_compressed_ETC1_RGB8_texture</Extension>
		<Extension>GL_OES_compressed_paletted_texture</Extension>
		<Extension>GL_OES_draw_texture</Extension>
		<Extension>GL_OES_extended_matrix_palette</Extension>
		<Extension>GL_OES_fixed_point</Extension>
		<Extension>GL_OES_framebuffer_object</Extension>
		<Extension>GL_OES_matrix_get</Extension>
		<Extension>GL_OES_matrix_palette</Extension>
		<Extension>GL_OES_point_size_array</Extension>
		<Extension>GL_OES_point_sprite</Extension>
		<Extension>GL_OES_query_matrix</Extension>
		<Extension>GL_OES_read_format</Extension>
		<Extension>GL_OES_single_precision</Extension>
		<Extension>GL_OES_stencil_wrap</Extension>
		<Extension>GL_OES_texture_cube_map</Extension>
		<Extension>GL_OES_texture_env_crossbar</Extension>
		<Extension>GL_OES_texture_mirrored_repeat</Extension>
		<Extension>GL_OES_EGL_image</Extension>
		<Extension>GL_OES_depth24</Extension>
		<Extension>GL_OES_depth32</Extension>
		<Extension>GL_OES_element_index_uint</Extension>
		<Extension>GL_OES_fbo_render_mipmap</Extension>
		<Extension>GL_OES_fragment_precision_high</Extension>
		<Extension>GL_OES_mapbuffer</Extension>
		<Extension>GL_OES_rgb8_rgba8</Extension>
		<Extension>GL_OES_stencil1</Extension>
		<Extension>GL_OES_stencil4</Extension>
		<Extension>GL_OES_stencil8</Extension>
		<Extension>GL_OES_texture_3D</Extension>
		<Extension>GL_OES_texture_float_linear</Extension>
		<Extension>GL_OES_texture_half_float_linear</Extension>
		<Extension>GL_OES_texture_float</Extension>
		<Extension>GL_OES_texture_half_float</Extension>
		<Extension>GL_OES_texture_npot</Extension>
		<Extension>GL_OES_vertex_half_float</Extension>
		<Extension>GL_AMD_compressed_3DC_texture</Extension>
		<Extension>GL_AMD_compressed_ATC_texture</Extension>
		<Extension>GL_EXT_texture_filter_anisotropic</Extension>
		<Extension>GL_EXT_texture_type_2_10_10_10_REV</Extension>
		<Extension>GL_OES_depth_texture</Extension>
		<Extension>GL_OES_packed_depth_stencil</Extension>
		<Extension>GL_OES_standard_derivatives</Extension>
		<Extension>GL_OES_vertex_type_10_10_10_2</Extension>
		<Extension>GL_OES_get_program_binary</Extension>
		<Extension>GL_AMD_program_binary_Z400</Extension>
		<Extension>GL_EXT_texture_compression_dxt1</Extension>
		<Extension>GL_AMD_performance_monitor</Extension>
		<Extension>GL_EXT_texture_format_BGRA8888</Extension>
		<Extension>GL_NV_fence</Extension>
		<Extension>GL_IMG_read_format</Extension>
		<Extension>GL_IMG_texture_compression_pvrtc</Extension>
		<Extension>GL_QCOM_driver_control</Extension>
		<Extension>GL_QCOM_performance_monitor_global_mode</Extension>
		<Extension>GL_IMG_user_clip_plane</Extension>
		<Extension>GL_IMG_texture_env_enhanced_fixed_function</Extension>
		<Extension>GL_APPLE_texture_2D_limited_npot</Extension>
		<Extension>GL_EXT_texture_lod_bias</Extension>
		<Extension>GL_QCOM_writeonly_rendering</Extension>
		<Extension>GL_QCOM_extended_get</Extension>
		<Extension>GL_QCOM_extended_get2</Extension>
		<Extension>GL_EXT_discard_framebuffer</Extension>
		<Extension>GL_EXT_blend_minmax</Extension>
		<Extension>GL_EXT_read_format_bgra</Extension>
		<Extension>GL_IMG_program_binary</Extension>
		<Extension>GL_IMG_shader_binary</Extension>
		<Extension>GL_EXT_multi_draw_arrays</Extension>
		<Extension>GL_SUN_multi_draw_arrays</Extension>
		<Extension>GL_QCOM_tiled_rendering</Extension>
		<Extension>GL_OES_vertex_array_object</Extension>
		<Extension>GL_NV_coverage_sample</Extension>
		<Extension>GL_NV_depth_nonlinear</Extension>
		<Extension>GL_IMG_multisampled_render_to_texture</Extension>
		<Extension>GL_OES_EGL_sync</Extension>
		<Extension>GL_APPLE_rgb_422</Extension>
		<Extension>GL_EXT_shader_texture_lod</Extension>
		<Extension>GL_APPLE_framebuffer_multisample</Extension>
		<Extension>GL_APPLE_texture_format_BGRA8888</Extension>
		<Extension>GL_APPLE_texture_max_level</Extension>
		<Extension>GL_ARM_mali_shader_binary</Extension>
		<Extension>GL_ARM_rgba8</Extension>
		<Extension>GL_ANGLE_framebuffer_blit</Extension>
		<Extension>GL_ANGLE_framebuffer_multisample</Extension>
		<Extension>GL_VIV_shader_binary</Extension>
		<Extension>GL_EXT_frag_depth</Extension>
		<Extension>GL_OES_EGL_image_external</Extension>
		<Extension>GL_DMP_shader_binary</Extension>
		<Extension>GL_QCOM_alpha_test</Extension>
		<Extension>GL_EXT_unpack_subimage</Extension>
		<Extension>GL_NV_draw_buffers</Extension>
		<Extension>GL_NV_fbo_color_attachments</Extension>
		<Extension>GL_NV_read_buffer</Extension>
		<Extension>GL_NV_read_depth_stencil</Extension>
		<Extension>GL_NV_texture_compression_s3tc_update</Extension>
		<Extension>GL_NV_texture_npot_2D_mipmap</Extension>
		<Extension>GL_EXT_color_buffer_half_float</Extension>
		<Extension>GL_EXT_debug_label</Extension>
		<Extension>GL_EXT_debug_marker</Extension>
		<Extension>GL_EXT_occlusion_query_boolean</Extension>
		<Extension>GL_EXT_separate_shader_objects</Extension>
		<Extension>GL_EXT_shadow_samplers</Extension>
		<Extension>GL_EXT_texture_rg</Extension>
		<Extension>GL_NV_EGL_stream_consumer_external</Extension>
		<Extension>GL_EXT_sRGB</Extension>
		<Extension>GL_EXT_multisampled_render_to_texture</Extension>
		<Extension>GL_EXT_robustness</Extension>
		<Extension>GL_EXT_texture_storage</Extension>
		<Extension>GL_ANGLE_instanced_arrays</Extension>
		<Extension>GL_ANGLE_pack_reverse_row_order</Extension>
		<Extension>GL_ANGLE_texture_compression_dxt3</Extension>
		<Extension>GL_ANGLE_texture_compression_dxt1</Extension>
		<Extension>GL_ANGLE_texture_compression_dxt5</Extension>
		<Extension>GL_ANGLE_texture_usage</Extension>
		<Extension>GL_ANGLE_translated_shader_source</Extension>
		<Extension>GL_FJ_shader_binary_GCCSO</Extension>
		<Extension>GL_OES_required_internalformat</Extension>
		<Extension>GL_OES_surfaceless_context</Extension>
		<Extension>GL_KHR_texture_compression_astc_hdr</Extension>
		<Extension>GL_KHR_texture_compression_astc_ldr</Extension>
		<Extension>GL_KHR_debug</Extension>
		<Extension>GL_QCOM_binning_control</Extension>
		<Extension>GL_ARM_mali_program_binary</Extension>
		<Extension>GL_EXT_map_buffer_range</Extension>
		<Extension>GL_EXT_shader_framebuffer_fetch</Extension>
		<Extension>GL_APPLE_copy_texture_levels</Extension>
		<Extension>GL_APPLE_sync</Extension>
		<Extension>GL_EXT_multiview_draw_buffers</Extension>
		<Extension>GL_NV_draw_texture</Extension>
		<Extension>GL_NV_packed_float</Extension>
		<Extension>GL_NV_texture_compression_s3tc</Extension>
		<Extension>GL_NV_3dvision_settings</Extension>
		<Extension>GL_NV_texture_compression_latc</Extension>
		<Extension>GL_NV_platform_binary</Extension>
		<Extension>GL_NV_pack_subimage</Extension>
		<Extension>GL_NV_texture_array</Extension>
		<Extension>GL_NV_pixel_buffer_object</Extension>
		<Extension>GL_NV_bgr</Extension>
		<Extension>GL_OES_depth_texture_cube_map</Extension>
		<Extension>GL_EXT_color_buffer_float</Extension>
		<Extension>GL_ANGLE_depth_texture</Extension>
		<Extension>GL_ANGLE_program_binary</Extension>
		<Extension>GL_IMG_texture_compression_pvrtc2</Extension>
		<Extension>GL_NV_draw_instanced</Extension>
		<Extension>GL_NV_framebuffer_blit</Extension>
		<Extension>GL_NV_framebuffer_multisample</Extension>
		<Extension>GL_NV_generate_mipmap_sRGB</Extension>
		<Extension>GL_NV_instanced_arrays</Extension>
		<Extension>GL_NV_shadow_samplers_array</Extension>
		<Extension>GL_NV_shadow_samplers_cube</Extension>
		<Extension>GL_NV_sRGB_formats</Extension>
		<Extension>GL_NV_texture_border_clamp</Extension>
		<Extension>GL_EXT_disjoint_timer_query</Extension>
		<Extension>GL_EXT_draw_buffers</Extension>
		<Extension>GL_EXT_texture_sRGB_decode</Extension>
		<Extension>GL_EXT_sRGB_write_control</Extension>
		<Extension>GL_EXT_texture_compression_s3tc</Extension>
		<Extension>GL_EXT_pvrtc_sRGB</Extension>
		<Extension>GL_EXT_instanced_arrays</Extension>
		<Extension>GL_EXT_draw_instanced</Extension>
		<Extension>GL_NV_copy_buffer</Extension>
		<Extension>GL_NV_explicit_attrib_location</Extension>
		<Extension>GL_NV_non_square_matrices</Extension>
		<Extension>GL_EXT_shader_integer_mix</Extension>
		<Extension>GL_OES_texture_compression_astc</Extension>
		<Extension>GL_NV_blend_equation_advanced</Extension>
		<Extension>GL_NV_blend_equation_advanced_coherent</Extension>
		<Extension>GL_INTEL_performance_query</Extension>
		<Extension>GL_ARM_shader_framebuffer_fetch</Extension>
		<Extension>GL_ARM_shader_framebuffer_fetch_depth_stencil</Extension>
		<Extension>GL_EXT_shader_pixel_local_storage</Extension>
		<Extension>GL_KHR_blend_equation_advanced</Extension>
		<Extension>GL_KHR_blend_equation_advanced_coherent</Extension>
		<Extension>GL_OES_sample_shading</Extension>
		<Extension>GL_OES_sample_variables</Extension>
		<Extension>GL_OES_shader_image_atomic</Extension>
		<Extension>GL_OES_shader_multisample_interpolation</Extension>
		<Extension>GL_OES_texture_stencil8</Extension>
		<Extension>GL_OES_texture_storage_multisample_2d_array</Extension>
		<Extension>GL_EXT_copy_image</Extension>
		<Extension>GL_EXT_draw_buffers_indexed</Extension>
		<Extension>GL_EXT_geometry_shader</Extension>
		<Extension>GL_EXT_geometry_point_size</Extension>
		<Extension>GL_EXT_gpu_shader5</Extension>
		<Extension>GL_EXT_shader_implicit_conversions</Extension>
		<Extension>GL_EXT_shader_io_blocks</Extension>
		<Extension>GL_EXT_tessellation_shader</Extension>
		<Extension>GL_EXT_tessellation_point_size</Extension>
		<Extension>GL_EXT_texture_border_clamp</Extension>
		<Extension>GL_EXT_texture_buffer</Extension>
		<Extension>GL_EXT_texture_cube_map_array</Extension>
		<Extension>GL_EXT_texture_view</Extension>
		<Extension>GL_EXT_primitive_bounding_box</Extension>
		<Extension>GL_ANDROID_extension_pack_es31a</Extension>
		<Extension>GL_EXT_compressed_ETC1_RGB8_sub_texture</Extension>
		<Extension>GL_KHR_robust_buffer_access_behavior</Extension>
		<Extension>GL_KHR_robustness</Extension>
		<Extension>GL_KHR_context_flush_control</Extension>
		<Extension>GLX_ARB_context_flush_control</Extension>
		<Extension>WGL_ARB_context_flush_control</Extension>
		<Extension>GL_DMP_program_binary</Extension>
		<Extension>GL_APPLE_clip_distance</Extension>
		<Extension>GL_APPLE_color_buffer_packed_float</Extension>
		<Extension>GL_APPLE_texture_packed_float</Extension>
		<Extension>GL_NV_internalformat_sample_query</Extension>
		<Extension>GL_NV_bindless_texture</Extension>
		<Extension>GL_NV_conditional_render</Extension>
		<Extension>GL_NV_path_rendering</Extension>
		<Extension>GL_NV_image_formats</Extension>
		<Extension>GL_NV_shader_noperspective_interpolation</Extension>
		<Extension>GL_NV_viewport_array</Extension>
		<Extension>GL_EXT_base_instance</Extension>
		<Extension>GL_EXT_draw_elements_base_vertex</Extension>
		<Extension>GL_EXT_multi_draw_indirect</Extension>
		<Extension>GL_EXT_render_snorm</Extension>
		<Extension>GL_EXT_texture_norm16</Extension>
		<Extension>GL_OES_copy_image</Extension>
		<Extension>GL_OES_draw_buffers_indexed</Extension>
		<Extension>GL_OES_geometry_shader</Extension>
		<Extension>GL_OES_gpu_shader5</Extension>
		<Extension>GL_OES_primitive_bounding_box</Extension>
		<Extension>GL_OES_shader_io_blocks</Extension>
		<Extension>GL_OES_tessellation_shader</Extension>
		<Extension>GL_OES_texture_border_clamp</Extension>
		<Extension>GL_OES_texture_buffer</Extension>
		<Extension>GL_OES_texture_cube_map_array</Extension>
		<Extension>GL_OES_texture_view</Extension>
		<Extension>GL_OES_draw_elements_base_vertex</Extension>
		<Extension>GL_OES_EGL_image_external_essl3</Extension>
		<Extension>GL_EXT_texture_sRGB_R8</Extension>
		<Extension>GL_EXT_YUV_target</Extension>
		<Extension>GL_EXT_texture_sRGB_RG8</Extension>
		<Extension>GL_EXT_float_blend</Extension>
		<Extension>GL_EXT_post_depth_coverage</Extension>
		<Extension>GL_EXT_raster_multisample</Extension>
		<Extension>GL_EXT_texture_filter_minmax</Extension>
		<Extension>GL_NV_conservative_raster</Extension>
		<Extension>GL_NV_fragment_coverage_to_color</Extension>
		<Extension>GL_NV_fragment_shader_interlock</Extension>
		<Extension>GL_NV_framebuffer_mixed_samples</Extension>
		<Extension>GL_NV_fill_rectangle</Extension>
		<Extension>GL_NV_geometry_shader_passthrough</Extension>
		<Extension>GL_NV_path_rendering_shared_edge</Extension>
		<Extension>GL_NV_sample_locations</Extension>
		<Extension>GL_NV_sample_mask_override_coverage</Extension>
		<Extension>GL_NV_viewport_array2</Extension>
		<Extension>GL_NV_polygon_mode</Extension>
		<Extension>GL_EXT_buffer_storage</Extension>
		<Extension>GL_EXT_sparse_texture</Extension>
		<Extension>GL_OVR_multiview</Extension>
		<Extension>GL_OVR_multiview2</Extension>
		<Extension>GL_KHR_no_error</Extension>
		<Extension>GL_INTEL_framebuffer_CMAA</Extension>
		<Extension>GL_EXT_blend_func_extended</Extension>
		<Extension>GL_EXT_multisample_compatibility</Extension>
		<Extension>GL_KHR_texture_compression_astc_sliced_3d</Extension>
		<Extension>GL_OVR_multiview_multisampled_render_to_texture</Extension>
		<Extension>GL_IMG_texture_filter_cubic</Extension>
		<Extension>GL_EXT_polygon_offset_clamp</Extension>
		<Extension>GL_EXT_shader_pixel_local_storage2</Extension>
		<Extension>GL_EXT_shader_group_vote</Extension>
		<Extension>GL_IMG_framebuffer_downsample</Extension>
		<Extension>GL_EXT_protected_textures</Extension>
		<Extension>GL_EXT_clip_cull_distance</Extension>
		<Extension>GL_NV_viewport_swizzle</Extension>
		<Extension>GL_EXT_sparse_texture2</Extension>
		<Extension>GL_NV_gpu_shader5</Extension>
		<Extension>GL_NV_shader_atomic_fp16_vector</Extension>
		<Extension>GL_NV_conservative_raster_pre_snap_triangles</Extension>
		<Extension>GL_EXT_window_rectangles</Extension>
		<Extension>GL_EXT_shader_non_constant_global_initializers</Extension>
		<Extension>GL_INTEL_conservative_rasterization</Extension>
		<Extension>GL_NVX_blend_equation_advanced_multi_draw_buffers</Extension>
		<Extension>GL_OES_viewport_array</Extension>
		<Extension>GL_EXT_conservative_depth</Extension>
		<Extension>GL_EXT_clear_texture</Extension>
		<Extension>GL_IMG_bindless_texture</Extension>
		<Extension>GL_NV_texture_barrier</Extension>
		<Extension>GL_EXT_draw_transform_feedback</Extension>
		<Extension>GL_QCOM_framebuffer_foveated</Extension>
		<Extension>GL_NV_draw_vulkan_image</Extension>
		<Extension>GL_EXT_multisampled_render_to_texture2</Extension>
		<Extension>GL_EXT_texture_compression_astc_decode_mode</Extension>
		<Extension>GL_EXT_texture_compression_astc_decode_mode_rgb9e5</Extension>
	</Extensions>
</RegistryAssemblyConfiguration>