﻿<?xml version="1.0" encoding="utf-8" ?>
<ShadersLibrary xmlns="http://schemas.datacontract.org/2004/07/OpenGL.Objects" xmlns:i="http://www.w3.org/2001/XMLSchema-instance">
	
	<Includes>
		<Include>
			<Path>/OpenGL/Compatibility.glsl</Path>
			<Resource>OpenGL.Objects.Shaders.Compatibility.glsl</Resource>
		</Include>
		<Include>
			<Path>/OpenGL/TransformState.glsl</Path>
			<Resource>OpenGL.Objects.Shaders.TransformState.glsl</Resource>
		</Include>
		<Include>
			<Path>/OpenGL/Viewport.glsl</Path>
			<Resource>OpenGL.Objects.Shaders.Viewport.glsl</Resource>
		</Include>
	</Includes>
	
	<Objects>
		
		<!-- Line -->
		<Object>
			<Resource>OpenGL.Objects.Shaders.Line.Vertex.glsl</Resource>
			<TestStage>VertexShader</TestStage>
		</Object>
		<Object>
			<Resource>OpenGL.Objects.Shaders.Line.Geometry.glsl</Resource>
			<TestStage>GeometryShader</TestStage>
		</Object>
		<Object>
			<Resource>OpenGL.Objects.Shaders.Line.Fragment.glsl</Resource>
			<TestStage>FragmentShader</TestStage>
			<Symbols>
				<Symbol>GLO_COLOR_PER_VERTEX</Symbol>
			</Symbols>
		</Object>
		
	</Objects>

	<Programs>

		<!-- Line -->
		<Program>
			<Id>OpenGL.Line</Id>
			<Objects>
				<Object>
					<Resource>OpenGL.Objects.Shaders.Line.Vertex.glsl</Resource>
					<Stage>VertexShader</Stage>
				</Object>
				<Object>
					<Resource>OpenGL.Objects.Shaders.Line.Geometry.glsl</Resource>
					<Stage>GeometryShader</Stage>
				</Object>
				<Object>
					<Resource>OpenGL.Objects.Shaders.Line.Fragment.glsl</Resource>
					<Stage>FragmentShader</Stage>
				</Object>
			</Objects>
			<Attributes>
				<Attribute>
					<Name>glo_Position</Name>
					<Semantic>Position</Semantic>
				</Attribute>
			</Attributes>
		</Program>

		<!-- Line+Color -->
		<Program Id="OpenGL.Line+Color">
			<Id>OpenGL.Line+Color</Id>
			<Objects>
				<Object>
					<Resource>OpenGL.Objects.Shaders.Line.Vertex.glsl</Resource>
					<Stage>VertexShader</Stage>
				</Object>
				<Object>
					<Resource>OpenGL.Objects.Shaders.Line.Geometry.glsl</Resource>
					<Stage>GeometryShader</Stage>
				</Object>
				<Object>
					<Resource>OpenGL.Objects.Shaders.Line.Fragment.glsl</Resource>
					<Stage>FragmentShader</Stage>
					<Symbols>
						<Symbol>GLO_COLOR_PER_VERTEX</Symbol>
					</Symbols>
				</Object>
			</Objects>
			<Attributes>
				<Attribute>
					<Name>glo_Position</Name>
					<Semantic>Position</Semantic>
				</Attribute>
				<Attribute>
					<Name>glo_Color</Name>
					<Semantic>Color</Semantic>
				</Attribute>
			</Attributes>
		</Program>
	
	</Programs>
	
</ShadersLibrary>
