﻿<?xml version="1.0" encoding="utf-8" ?>
<ShadersLibrary xmlns="http://schemas.datacontract.org/2004/07/OpenGL.Objects" xmlns:i="http://www.w3.org/2001/XMLSchema-instance">

	<Objects>
		<Object>
			<Resource>OpenGL.Objects.Shaders.Standard.Vertex.glsl</Resource>
			<TestStage>VertexShader</TestStage>
			<Symbols>
				<Symbol>GLO_COLOR_PER_VERTEX</Symbol>
				<Symbol>GLO_LIGHTING_PER_VERTEX</Symbol>
				<Symbol>GLO_LIGHTING_PER_FRAGMENT</Symbol>
				<Symbol>GLO_MAX_LIGHTS_COUNT</Symbol>
				<Symbol>GLO_MAX_SHADOWS_COUNT</Symbol>
				<Symbol>GLO_SHADOWS</Symbol>
			</Symbols>
		</Object>

		<Object>
			<Resource>OpenGL.Objects.Shaders.Standard.Fragment.glsl</Resource>
			<TestStage>FragmentShader</TestStage>
			<Symbols>
				<Symbol>GLO_TEXTURED</Symbol>
				<Symbol>GLO_COLOR_PER_VERTEX</Symbol>
				<Symbol>GLO_LIGHTING_PER_VERTEX</Symbol>
				<Symbol>GLO_LIGHTING_PER_FRAGMENT</Symbol>
				<Symbol>GLO_MAX_LIGHTS_COUNT</Symbol>
				<Symbol>GLO_MAX_SHADOWS_COUNT</Symbol>
				<Symbol>GLO_SHADOWS</Symbol>
			</Symbols>
		</Object>
	</Objects>

	<Programs>

		<!-- Standard -->
		<Program>
			<Id>OpenGL.Standard</Id>
			<Objects>
				<Object>
					<Resource>OpenGL.Objects.Shaders.Standard.Vertex.glsl</Resource>
					<Stage>VertexShader</Stage>
				</Object>
				<Object>
					<Resource>OpenGL.Objects.Shaders.Standard.Fragment.glsl</Resource>
					<Stage>FragmentShader</Stage>
				</Object>
			</Objects>

			<Attributes>
				<Attribute>
					<Name>glo_Position</Name>
					<Semantic>Position</Semantic>
					<Location>0</Location>
				</Attribute>
			</Attributes>

			<Uniforms>
				<Uniform>
					<Name>glo_ModelViewProjection</Name>
					<Semantic>ModelViewProjection</Semantic>
				</Uniform>
				<Uniform>
					<Name>glo_UniformColor</Name>
					<Semantic>Color</Semantic>
				</Uniform>
			</Uniforms>

		</Program>

		<!-- Standard+Color -->
		<Program>
			<Id>OpenGL.Standard+Color</Id>
			<Objects>
				<Object>
					<Resource>OpenGL.Objects.Shaders.Standard.Vertex.glsl</Resource>
					<Stage>VertexShader</Stage>
				</Object>
				<Object>
					<Resource>OpenGL.Objects.Shaders.Standard.Fragment.glsl</Resource>
					<Stage>FragmentShader</Stage>
					<Symbols>
						<Symbol>GLO_COLOR_PER_VERTEX</Symbol>
					</Symbols>
				</Object>
			</Objects>

			<Attributes>
				<Attribute>
					<Name>glo_Position</Name>
					<Semantic>Position</Semantic>
					<Location>0</Location>
				</Attribute>
				<Attribute>
					<Name>glo_Color</Name>
					<Semantic>Color</Semantic>
					<Location>1</Location>
				</Attribute>
			</Attributes>

			<Uniforms>
				<Uniform>
					<Name>glo_ModelViewProjection</Name>
					<Semantic>ModelViewProjection</Semantic>
				</Uniform>
			</Uniforms>
		</Program>

		<!-- Standard+Texture -->
		<Program>
			<Id>OpenGL.Standard+Texture</Id>
			<Objects>
				<Object>
					<Resource>OpenGL.Objects.Shaders.Standard.Vertex.glsl</Resource>
					<Stage>VertexShader</Stage>
				</Object>
				<Object>
					<Resource>OpenGL.Objects.Shaders.Standard.Fragment.glsl</Resource>
					<Stage>FragmentShader</Stage>
					<Symbols>
						<Symbol>GLO_TEXTURED</Symbol>
					</Symbols>
				</Object>
			</Objects>

			<Attributes>
				<Attribute>
					<Name>glo_Position</Name>
					<Semantic>Position</Semantic>
					<Location>0</Location>
				</Attribute>
				<Attribute>
					<Name>glo_TexCoord0</Name>
					<Semantic>TexCoord</Semantic>
					<Location>3</Location>
				</Attribute>
			</Attributes>

			<Uniform Name="glo_ModelViewProjection" Semantic="ModelViewProjection" />
		</Program>

		<!-- Standard+LambertVertex -->
		<Program>
			<Id>OpenGL.Standard+LambertVertex</Id>
			<Objects>
				<Object>
					<Resource>OpenGL.Objects.Shaders.Standard.Vertex.glsl</Resource>
					<Stage>VertexShader</Stage>
					<Symbols>
						<Symbol>GLO_LIGHTING_PER_VERTEX</Symbol>
					</Symbols>
				</Object>
				<Object>
					<Resource>OpenGL.Objects.Shaders.Light.LightMulti.glsl</Resource>
					<Stage>VertexShader</Stage>
				</Object>
				<Object>
					<Resource>OpenGL.Objects.Shaders.Light.LightDirectionalImpl.glsl</Resource>
					<Stage>VertexShader</Stage>
				</Object>
				<Object>
					<Resource>OpenGL.Objects.Shaders.Light.LightPointImpl.glsl</Resource>
					<Stage>VertexShader</Stage>
				</Object>
				<Object>
					<Resource>OpenGL.Objects.Shaders.Light.LightSpotImpl.glsl</Resource>
					<Stage>VertexShader</Stage>
				</Object>
				<Object>
					<Resource>OpenGL.Objects.Shaders.Light.ShadingLambert.glsl</Resource>
					<Stage>VertexShader</Stage>
				</Object>
				<Object>
					<Resource>OpenGL.Objects.Shaders.Standard.Fragment.glsl</Resource>
					<Stage>FragmentShader</Stage>
					<Symbols>
						<Symbol>GLO_LIGHTING_PER_VERTEX</Symbol>
					</Symbols>
				</Object>
			</Objects>

			<Attributes>
				<Attribute>
					<Name>glo_Position</Name>
					<Semantic>Position</Semantic>
					<Location>0</Location>
				</Attribute>
				<Attribute>
					<Name>glo_Color</Name>
					<Semantic>Color</Semantic>
					<Location>1</Location>
				</Attribute>
				<Attribute>
					<Name>glo_Normal</Name>
					<Semantic>Normal</Semantic>
					<Location>2</Location>
				</Attribute>
				<Attribute>
					<Name>glo_TexCoord0</Name>
					<Semantic>TexCoord</Semantic>
					<Location>3</Location>
				</Attribute>
			</Attributes>

			<Uniforms>
				<Uniform>
					<Name>glo_ModelViewProjection</Name>
					<Semantic>ModelViewProjection</Semantic>
				</Uniform>
				<Uniform>
					<Name>glo_ModelView</Name>
					<Semantic>ModelView</Semantic>
				</Uniform>
				<Uniform>
					<Name>glo_NormalMatrix</Name>
					<Semantic>NormalMatrix</Semantic>
				</Uniform>
			</Uniforms>
		</Program>

		<!-- Standard+PhongFragment+LightDirectional -->
		<Program>
			<Id>OpenGL.Standard+PhongFragment+LightDirectional</Id>
			<Objects>
				<Object>
					<Resource>OpenGL.Objects.Shaders.Standard.Vertex.glsl</Resource>
					<Stage>VertexShader</Stage>
					<Symbols>
						<Symbol>GLO_LIGHTING_PER_FRAGMENT</Symbol>
						<!-- +GLO_COLOR_PER_VERTEX -->
					</Symbols>
				</Object>
				<Object>
					<Resource>OpenGL.Objects.Shaders.Standard.Fragment.glsl</Resource>
					<Stage>FragmentShader</Stage>
					<Symbols>
						<Symbol>GLO_LIGHTING_PER_FRAGMENT</Symbol>
						<!-- +GLO_COLOR_PER_VERTEX -->
					</Symbols>
				</Object>
				<Object>
					<Resource>OpenGL.Objects.Shaders.Light.LightDirectional.glsl</Resource>
					<Stage>FragmentShader</Stage>
				</Object>
				<Object>
					<Resource>OpenGL.Objects.Shaders.Light.LightDirectionalImpl.glsl</Resource>
					<Stage>FragmentShader</Stage>
				</Object>
				<Object>
					<Resource>OpenGL.Objects.Shaders.Light.ShadingPhong.glsl</Resource>
					<Stage>FragmentShader</Stage>
				</Object>
			</Objects>

			<Attributes>
				<Attribute>
					<Name>glo_Position</Name>
					<Semantic>Position</Semantic>
					<Location>0</Location>
				</Attribute>
				<Attribute>
					<Name>glo_Color</Name>
					<Semantic>Color</Semantic>
					<Location>1</Location>
				</Attribute>
				<Attribute>
					<Name>glo_Normal</Name>
					<Semantic>Normal</Semantic>
					<Location>2</Location>
				</Attribute>
				<Attribute>
					<Name>glo_TexCoord0</Name>
					<Semantic>TexCoord</Semantic>
					<Location>3</Location>
				</Attribute>
				<Attribute>
					<Name>glo_Tangent</Name>
					<Semantic>Tangent</Semantic>
					<Location>4</Location>
				</Attribute>
				<Attribute>
					<Name>glo_Bitangent</Name>
					<Semantic>Bitangent</Semantic>
					<Location>5</Location>
				</Attribute>
			</Attributes>

			<Uniforms>
				<Uniform>
					<Name>glo_ModelViewProjection</Name>
					<Semantic>ModelViewProjection</Semantic>
				</Uniform>
				<Uniform>
					<Name>glo_ModelView</Name>
					<Semantic>ModelView</Semantic>
				</Uniform>
				<Uniform>
					<Name>glo_NormalMatrix</Name>
					<Semantic>NormalMatrix</Semantic>
				</Uniform>
			</Uniforms>
		</Program>

		<!-- Standard+PhongFragment (Multiple Lights) -->
		<Program Id="OpenGL.Standard+PhongFragment">
			<Id>OpenGL.Standard+PhongFragment</Id>
			<Objects>
				<Object>
					<Resource>OpenGL.Objects.Shaders.Standard.Vertex.glsl</Resource>
					<Stage>VertexShader</Stage>
					<Symbols>
						<Symbol>GLO_LIGHTING_PER_FRAGMENT</Symbol>
						<!-- +GLO_COLOR_PER_VERTEX -->
					</Symbols>
				</Object>
				<Object>
					<Resource>OpenGL.Objects.Shaders.Standard.Fragment.glsl</Resource>
					<Stage>FragmentShader</Stage>
					<Symbols>
						<Symbol>GLO_LIGHTING_PER_FRAGMENT</Symbol>
						<!-- +GLO_COLOR_PER_VERTEX -->
					</Symbols>
				</Object>
				<Object>
					<Resource>OpenGL.Objects.Shaders.Light.LightMulti.glsl</Resource>
					<Stage>FragmentShader</Stage>
				</Object>
				<Object>
					<Resource>OpenGL.Objects.Shaders.Light.LightDirectionalImpl.glsl</Resource>
					<Stage>FragmentShader</Stage>
				</Object>
				<Object>
					<Resource>OpenGL.Objects.Shaders.Light.LightPointImpl.glsl</Resource>
					<Stage>FragmentShader</Stage>
				</Object>
				<Object>
					<Resource>OpenGL.Objects.Shaders.Light.LightSpotImpl.glsl</Resource>
					<Stage>FragmentShader</Stage>
				</Object>
				<Object>
					<Resource>OpenGL.Objects.Shaders.Light.ShadingPhong.glsl</Resource>
					<Stage>FragmentShader</Stage>
				</Object>
			</Objects>

			<Attributes>
				<Attribute>
					<Name>glo_Position</Name>
					<Semantic>Position</Semantic>
					<Location>0</Location>
				</Attribute>
				<Attribute>
					<Name>glo_Color</Name>
					<Semantic>Color</Semantic>
					<Location>1</Location>
				</Attribute>
				<Attribute>
					<Name>glo_Normal</Name>
					<Semantic>Normal</Semantic>
					<Location>2</Location>
				</Attribute>
				<Attribute>
					<Name>glo_TexCoord0</Name>
					<Semantic>TexCoord</Semantic>
					<Location>3</Location>
				</Attribute>
				<Attribute>
					<Name>glo_Tangent</Name>
					<Semantic>Tangent</Semantic>
					<Location>4</Location>
				</Attribute>
				<Attribute>
					<Name>glo_Bitangent</Name>
					<Semantic>Bitangent</Semantic>
					<Location>5</Location>
				</Attribute>
			</Attributes>

			<Uniforms>
				<Uniform>
					<Name>glo_ModelViewProjection</Name>
					<Semantic>ModelViewProjection</Semantic>
				</Uniform>
				<Uniform>
					<Name>glo_ModelView</Name>
					<Semantic>ModelView</Semantic>
				</Uniform>
				<Uniform>
					<Name>glo_NormalMatrix</Name>
					<Semantic>NormalMatrix</Semantic>
				</Uniform>
			</Uniforms>
		</Program>
		
	</Programs>

</ShadersLibrary>