﻿<?xml version="1.0" encoding="utf-8" ?>
<ShadersLibrary xmlns="http://schemas.datacontract.org/2004/07/OpenGL.Objects" xmlns:i="http://www.w3.org/2001/XMLSchema-instance">

	<Includes>
		<Include>
			<Path>/OpenGL/Light/MaterialState.glsl</Path>
			<Resource>OpenGL.Objects.Shaders.Light.MaterialState.glsl</Resource>
		</Include>
		<Include>
			<Path>/OpenGL/Light/LightState.glsl</Path>
			<Resource>OpenGL.Objects.Shaders.Light.LightState.glsl</Resource>
		</Include>
		<Include>
			<Path>/OpenGL/Light/ShadowState.glsl</Path>
			<Resource>OpenGL.Objects.Shaders.Light.ShadowState.glsl</Resource>
		</Include>
	</Includes>

	<Objects>
		<!-- Lights (Common Implementation) -->
		<Object>
			<Resource>OpenGL.Objects.Shaders.Light.LightDirectionalImpl.glsl</Resource>
			<TestStage>VertexShader FragmentShader</TestStage>
		</Object>
		<Object>
			<Resource>OpenGL.Objects.Shaders.Light.LightPointImpl.glsl</Resource>
			<TestStage>VertexShader FragmentShader</TestStage>
		</Object>
		<Object>
			<Resource>OpenGL.Objects.Shaders.Light.LightSpotImpl.glsl</Resource>
			<TestStage>VertexShader FragmentShader</TestStage>
		</Object>
		<!-- Lights (Single) -->
		<Object>
			<Resource>OpenGL.Objects.Shaders.Light.LightDirectional.glsl</Resource>
			<TestStage>VertexShader FragmentShader</TestStage>
		</Object>
		<Object>
			<Resource>OpenGL.Objects.Shaders.Light.LightPoint.glsl</Resource>
			<TestStage>VertexShader FragmentShader</TestStage>
		</Object>
		<Object>
			<Resource>OpenGL.Objects.Shaders.Light.LightSpot.glsl</Resource>
			<TestStage>VertexShader FragmentShader</TestStage>
		</Object>
		<!-- Lights (Multiple) -->
		<Object>
			<Resource>OpenGL.Objects.Shaders.Light.LightMulti.glsl</Resource>
			<TestStage>VertexShader FragmentShader</TestStage>
			<Symbols>
				<Symbol>GLO_MAX_LIGHTS_COUNT</Symbol>
			</Symbols>
		</Object>
		<!-- Shading models -->
		<Object>
			<Resource>OpenGL.Objects.Shaders.Light.ShadingLambert.glsl</Resource>
			<TestStage>VertexShader FragmentShader</TestStage>
		</Object>
		<Object>
			<Resource>OpenGL.Objects.Shaders.Light.ShadingPhong.glsl</Resource>
			<TestStage>FragmentShader</TestStage>
		</Object>
	</Objects>
	
</ShadersLibrary>