﻿<?xml version="1.0" encoding="utf-8" ?>
<typemap>
	<!-- Basic types -->
	<type name="void" value="void" />
	<type name="GLvoid" value="void" />
	<type name="void *" value="IntPtr" />
	<type name="GLvoid*" value="void*" />
	<type name="void **" value="IntPtr*" />
    <type name="void**" value="IntPtr*" />
    <type name="void* const*" value="IntPtr*" />
    <type name="const void**" value="IntPtr*" />
	<type name="const void *" value="IntPtr" />
	<type name="const void **" value="IntPtr*" />
    <type name="void*const*" value="IntPtr*" />            <!-- OpenVX -->
	<type name="const void *const*" value="IntPtr*" />

    <type name="void[][]" value="[MarshalAs(UnmanagedType.LPArray)] IntPtr[,]" />

    <type name="GLenum" value="int" />
	<type name="GLenum*" value="int*" />
	
	<type name="GLsizei" value="int" />
	<type name="GLsizei*" value="int*" />
	<type name="const size_t *" value="uint*" />
	
	<type name="GLsizeiptr" value="uint" />
	<type name="GLsizeiptr*" value="uint*" />
	
	<type name="GLintptr" value="IntPtr" />
	<type name="GLintptr*" value="IntPtr*" />
	
	<type name="GLboolean" value="bool" />
	<type name="GLboolean*" value="bool*" />
	<type name="GLboolean**" value="bool[]" />
	
	<type name="GLbitfield" value="uint" />
	
    <type name="char*" value="string" />
	<type name="GLchar" value="char" />
	<type name="GLchar*" value="string" />
	<type name="GLchar*const*" value="string[]" />
	<type name="GLchar**" value="string[]" />
	
	<type name="GLbyte" value="sbyte" />
	<type name="GLbyte*" value="sbyte*" />
	
	<type name="GLubyte" value="byte" />
	<type name="GLubyte*" value="byte*" />
	
	<type name="GLshort" value="short" />
	<type name="GLshort*" value="short*" />
	
	<type name="GLushort" value="ushort" />
	<type name="GLushort*" value="ushort*" />
	
	<type name="GLint" value="int" />
	<type name="GLint*" value="int*" />
	
	<type name="GLuint" value="uint" />
	<type name="GLuint*" value="uint*" />
	
	<type name="GLfloat" value="float" />
	<type name="GLfloat*" value="float*" />
	
	<type name="GLdouble" value="double" />
	<type name="GLdouble*" value="double*" />
	
	<type name="GLstring" value="string" />
	
	<type name="GLsync" value="int" />
	
	<type name="GLfixed" value="IntPtr" />
	
	<type name="GLint64" value="long" />
	<type name="GLint64EXT" value="long" />
	<type name="GLint64*" value="long*" />
	
	<type name="GLuint64" value="ulong" />
	<type name="GLuint64EXT" value="ulong" />
	<type name="GLuint64*" value="ulong*" />
	<type name="GLuint64*" value="ulong*" />

	<type name="GLfixed*" value="IntPtr*" />
	<type name="GLint64EXT*" value="long*" />
	<type name="GLuint64EXT*" value="ulong*" />

	<!-- Compatibility types -->
	<type name="GLclampf" value="float" />
	<type name="GLclampf*" value="float*" />
	<type name="GLclampd" value="double" />
	<type name="GLclampx" value="int" />

	<!-- ARB types -->
	<type name="GLsizeiptrARB" value="uint" />
	<type name="GLintptrARB" value="IntPtr" />
	<type name="GLhandleARB" value="uint" />
	<type name="GLhandleARB*" value="uint*" />
	<type name="GLhalfARB" value="ushort" />
	<type name="GLhalfARB*" value="ushort*" />
	<type name="GLhalfNV" value="ushort" />
	<type name="GLhalfNV*" value="ushort*" />
	<type name="GLcharARB" value="char" />
	<type name="GLcharARB*" value="string" />
	<type name="GLcharARB**" value="string[]" />
	
	<!-- WGL types -->
	<type name="unsigned int" value="uint" />
	<type name="unsigned int *" value="uint*" />
	<type name="unsigned long" value="uint" />
	<type name="unsigned long *" value="uint*" />
	<type name="int" value="int" />
	<type name="int *" value="int*" />
	<type name="const int *" value="int*" />
	<type name="float" value="float" />
	<type name="const char *" value="string" />
	<type name="VOID" value="void" />
	<type name="LPVOID" value="IntPtr" />
	<type name="LPVOID*" value="IntPtr*" />
	<type name="BOOL" value="bool" />
	<type name="BOOL*" value="bool*" />
	<type name="DWORD" value="int" />
	<type name="DWORD*" value="int*" />
	<type name="INT" value="int" />
	<type name="UINT" value="uint" />
	<type name="UINT*" value="uint*" />
	<type name="FLOAT" value="float" />
	<type name="FLOAT*" value="float*" />
	<type name="USHORT" value="ushort" />
	<type name="USHORT*" value="ushort*" />
	<type name="INT32" value="int" />
	<type name="INT32*" value="int*" />
	<type name="INT64" value="long" />
	<type name="INT64*" value="long*" />
	<type name="LPCSTR" value="string" />
	<type name="PROC" value="IntPtr" />
	<type name="VoidPointer" value="IntPtr" />
	<type name="IntPtr" value="int" />
	<type name="Int32" value="int" />
	<type name="String" value="string" />
	<type name="COLORREF" value="IntPtr" />
	<type name="COLORREF*" value="IntPtr" />
	<type name="HANDLE" value="IntPtr" />
	<type name="HANDLE*" value="IntPtr*" />
	<type name="HDC" value="IntPtr" />
	<type name="HGLRC" value="IntPtr" />
	<type name="LPGLYPHMETRICSFLOAT" value="IntPtr" />
	<type name="HPVIDEODEV" value="IntPtr" />
	<type name="HPVIDEODEV*" value="IntPtr*" />
	<type name="HPBUFFERARB" value="IntPtr" />
	<type name="HPBUFFEREXT" value="IntPtr" />
	<type name="HVIDEOINPUTDEVICENV" value="IntPtr" />
	<type name="HVIDEOINPUTDEVICENV*" value="IntPtr*" />
	<type name="HVIDEOOUTPUTDEVICENV" value="IntPtr" />
	<type name="HVIDEOOUTPUTDEVICENV*" value="IntPtr*" />
	<type name="HGPUNV" value="IntPtr" />
	<type name="HGPUNV*" value="IntPtr*" />
	<type name="PGPU_DEVICE" value="IntPtr" />
	<type name="LAYERPLANEDESCRIPTOR" value="IntPtr" />
	<type name="LAYERPLANEDESCRIPTOR*" value="IntPtr*" />
	<type name="HVIDEOOUTPUTDEVICENV" value="IntPtr" />
	<type name="HENHMETAFILE" value="IntPtr" />

	<!-- OpenCL types -->
	<type name="struct _cl_context*" value="IntPtr" />
	<type name="struct _cl_event*" value="IntPtr" />

	<!-- Various pointer types -->
	<type name="GLeglClientBufferEXT" value="IntPtr" />
  <type name="GLeglImageOES" value="IntPtr" />

	<!-- Various -->
	<type name="GLvdpauSurfaceNV" value="IntPtr" />
	<type name="GLvdpauSurfaceNV*" value="IntPtr*" />
	<type name="GLDEBUGPROC" value="DebugProc" />
	<type name="GLDEBUGPROCKHR" value="DebugProc" />
	<type name="GLDEBUGPROCARB" value="DebugProc" />
	<type name="GLDEBUGPROCAMD" value="DebugProc" />
	<type name="GLVULKANPROCNV" value="VulkanProc" />

	<!-- GLX types -->
	<type name="Void" value="void" />
	<type name="Bool" value="bool" />
	<type name="int32_t" value="int" />
	<type name="int32_t*" value="int*" />
	<type name="int64_t" value="long" />
	<type name="int64_t*" value="long*" />

	<type name="Display" value="IntPtr" />
	<type name="Display*" value="IntPtr" />
	<type name="Window" value="IntPtr" />
	<type name="Window*" value="IntPtr*" />
	<type name="Pixmap" value="IntPtr" />
	<type name="Pixmap*" value="IntPtr*" />
	<type name="Colormap" value="IntPtr" />
	<type name="Colormap*" value="IntPtr*" />
	<type name="Status" value="int" />

	<type name="XVisualInfo*" value="IntPtr" />

	<type name="GLXWindow" value="IntPtr" />
	<type name="GLXContext" value="IntPtr" />
	<type name="GLXContextID" value="IntPtr" />
	<type name="GLXDrawable" value="IntPtr" />
	<type name="GLXPixmap" value="IntPtr" />
	<type name="GLXPbuffer" value="IntPtr" />
	<type name="GLXPbuffer*" value="IntPtr" />
	<type name="GLXPbufferSGIX" value="IntPtr" />
	<type name="GLXPbufferSGIX*" value="IntPtr*" />
	<type name="__GLXextFuncPtr" value="IntPtr" />
	<type name="GLXFBConfig" value="IntPtr" />
	<type name="GLXFBConfig*" value="IntPtr*" />
	<type name="GLXFBConfigSGIX" value="IntPtr" />
	<type name="GLXFBConfigSGIX*" value="IntPtr*" />
	<type name="GLXHyperpipeConfigSGIX" value="IntPtr" />
	<type name="GLXHyperpipeConfigSGIX*" value="IntPtr" />

	<type name="GLXVideoCaptureDeviceNV" value="IntPtr" />
	<type name="GLXVideoCaptureDeviceNV*" value="IntPtr" />
	<type name="GLXVideoDeviceNV" value="IntPtr" />
	<type name="GLXVideoDeviceNV*" value="IntPtr" />

	<type name="GLXVideoSourceSGIX" value="IntPtr" />
	<type name="GLXHyperpipeNetworkSGIX" value="IntPtr" />
	<type name="GLXHyperpipeNetworkSGIX*" value="IntPtr*" />

	<type name="VLServer" value="IntPtr" />
	<type name="VLPath" value="IntPtr" />
	<type name="VLNode" value="IntPtr" />

	<type name="Font" value="int" />
	<type name="DMparams*" value="IntPtr*" />
	<type name="DMbuffer" value="IntPtr" />
	
	<!-- EGL types -->
	<type name="EGLNativeDisplayType" value="IntPtr" />
	<type name="EGLNativeDisplayType*" value="IntPtr*" />
	<type name="EGLNativeWindowType" value="IntPtr" />
	<type name="EGLNativeWindowType*" value="IntPtr*" />
	<type name="EGLNativePixmapType" value="IntPtr" />
	<type name="EGLNativePixmapType*" value="IntPtr*" />
	<type name="EGLint" value="int" />
	<type name="EGLint*" value="int*" />
	<type name="EGLBoolean" value="bool" />												<!-- 'unsigned int' -->
  <type name="EGLBoolean*" value="bool*" />
	<type name="EGLenum" value="uint" />
	<type name="EGLAttribKHR" value="IntPtr" />
	<type name="EGLAttribKHR*" value="IntPtr*" />
	<type name="EGLAttrib" value="IntPtr" />
	<type name="EGLAttrib*" value="IntPtr*" />
  <type name="EGLAttrib*const" value="IntPtr*" />
  <type name="EGLClientBuffer" value="IntPtr" />
	<type name="EGLConfig" value="IntPtr" />
	<type name="EGLConfig*" value="IntPtr*" />
	<type name="EGLContext" value="IntPtr" />
	<type name="EGLDeviceEXT" value="IntPtr" />
	<type name="EGLDeviceEXT*" value="IntPtr*" />
	<type name="EGLDisplay" value="IntPtr" />											<!-- 'void*' -->
	<type name="EGLImage" value="IntPtr" />
	<type name="EGLImageKHR" value="IntPtr" />
	<type name="EGLObjectKHR" value="IntPtr" />
	<type name="EGLLabelKHR" value="IntPtr" />
  <type name="EGLnsecsANDROID" value="Int64" />
	<type name="EGLOutputLayerEXT" value="IntPtr" />
	<type name="EGLOutputLayerEXT*" value="IntPtr*" />
	<type name="EGLOutputPortEXT" value="IntPtr" />
	<type name="EGLOutputPortEXT*" value="IntPtr*" />
	<type name="EGLStreamKHR" value="IntPtr" />
	<type name="EGLSurface" value="IntPtr" />
	<type name="EGLSync" value="IntPtr" />
	<type name="EGLSyncKHR" value="IntPtr" />
	<type name="EGLSyncNV" value="IntPtr" />
	<type name="__eglMustCastToProperFunctionPointerType" value="IntPtr" />
	<type name="EGLTimeKHR" value="ulong" />
	<type name="EGLTimeKHR*" value="ulong*" />
	<type name="EGLTime" value="ulong" />
	<type name="EGLTimeNV" value="ulong" />
	<type name="EGLuint64NV" value="ulong" />
	<type name="EGLuint64KHR" value="ulong" />
	<type name="EGLuint64KHR*" value="ulong*" />
	<type name="EGLNativeFileDescriptorKHR" value="int" />
	<type name="EGLsizeiANDROID" value="uint" />
	<type name="EGLSetBlobFuncANDROID" value="SetBlobFuncDelegate" />
	<type name="EGLGetBlobFuncANDROID" value="GetBlobFuncDelegate" />
	<type name="EGLClientPixmapHI" value="ClientPixmap" />
	<type name="EGLClientPixmapHI*" value="ClientPixmap*" />
	<type name="EGLDEBUGPROCKHR" value="DebugProcKHR" />

	<!-- WFC types -->
	<type name="char**" value="IntPtr*" />
	<type name="WFCboolean" value="bool" />
	<type name="WFCint" value="int" />
	<type name="WFCint*" value="int*" />
	<type name="WFCfloat" value="float" />
	<type name="WFCfloat*" value="float*" />
	<type name="WFCbitfield" value="uint" />
	<type name="WFCHandle" value="uint" />
	<type name="WFCEGLDisplay" value="IntPtr" />
	<type name="WFCEGLSync" value="IntPtr" />
	<type name="WFCNativeStreamType" value="uint" />
	
	<type name="WFCDevice" value="uint" />
	<type name="WFCContext" value="uint" />
	<type name="WFCSource" value="uint" />
	<type name="WFCMask" value="uint" />
	<type name="WFCElement" value="uint" />
	
	<!-- WFD types -->
	<type name="WFDboolean" value="bool" />
	<type name="WFDuint8" value="byte" />
	<type name="WFDuint8*" value="byte*" />
	<type name="WFDbitfield" value="uint" />
	<type name="WFDbitfield*" value="uint*" />
	<type name="WFDtime" value="ulong" />
	<type name="WFDint" value="int" />
	<type name="WFDint*" value="int*" />
	<type name="const WFDint" value="int" />
	<type name="WFDfloat" value="float" />
	<type name="WFDfloat*" value="float*" />
	<type name="const WFDfloat" value="float" />
	<type name="WFDHandle" value="UInt32" />
	<type name="WFDNativeStreamType" value="uint" />
	<type name="WFDDevice" value="uint" />
	<type name="WFDEvent" value="uint" />
	<type name="WFDPort" value="uint" />
	<type name="WFDPortMode" value="uint" />
	<type name="WFDPortMode*" value="uint*" />
	<type name="WFDPipeline" value="uint" />
	<type name="WFDSource" value="uint" />
	<type name="WFDMask" value="uint" />
	<type name="WFDEGLDisplay" value="IntPtr" />
	<type name="WFDEGLSync" value="IntPtr" />
	<type name="WFDEGLImage" value="IntPtr" />
	<type name="UInt32" value="IntPtr" />
    
    <!-- OpenVX types -->
    <type name="vx_char" value="char" />
    <type name="vx_char*" value="string" />
    <type name="vx_uint8" value="byte" />
    <type name="vx_uint8*" value="byte*" />
    <type name="vx_uint8**" value="IntPtr*" />
    <type name="vx_uint16" value="ushort" />
    <type name="vx_uint32" value="uint" />
    <type name="vx_uint64" value="ulong" />
    <type name="vx_int8" value="sbyte" />
    <type name="vx_int16" value="short" />
    <type name="vx_int32" value="int" />
    <type name="vx_int64" value="long" />
    <type name="vx_bitfield" value="uint" />
    <type name="vx_float16" value="ushort" />
    <type name="vx_float32" value="float" />
    <type name="vx_float32*" value="float*" />
    <type name="vx_float64" value="double" />
    <type name="vx_reference" value="Reference" />
    <type name="vx_reference*" value="Reference*" />
    <type name="vx_size" value="UIntPtr" />
    <type name="vx_size*" value="UIntPtr*" />
    <type name="vx_df_image" value="DfImage" />
    <type name="vx_map_id" value="MapId" />
    <type name="vx_map_id*" value="MapId*" />
    <type name="vx_scalar" value="Scalar" />
    <type name="vx_scalar*" value="Scalar*" />
    <type name="vx_image" value="Image" />
    <type name="vx_image*" value="Image*" />
    <type name="vx_kernel" value="Kernel" />
    <type name="vx_kernel*" value="Kernel*" />
    <type name="vx_parameter" value="Parameter" />
    <type name="vx_parameter*" value="Parameter*" />
    <type name="vx_node" value="Node" />
    <type name="vx_node*" value="Node*" />
    <type name="vx_graph" value="Graph" />
    <type name="vx_graph*" value="Graph*" />
    <type name="vx_context" value="Context" />
    <type name="vx_context*" value="Context*" />
    <type name="vx_delay" value="Delay" />
    <type name="vx_delay*" value="Delay*" />
    <type name="vx_lut" value="Lut" />
    <type name="vx_lut*" value="Lut*" />
    <type name="vx_distribution" value="Distribution" />
    <type name="vx_distribution*" value="Distribution*" />
    <type name="vx_matrix" value="Matrix" />
    <type name="vx_matrix*" value="Matrix*" />
    <type name="vx_pyramid" value="Pyramid" />
    <type name="vx_pyramid*" value="Pyramid*" />
    <type name="vx_threshold" value="Threshold" />
    <type name="vx_threshold*" value="Threshold*" />
    <type name="vx_convolution" value="Convolution" />
    <type name="vx_convolution*" value="Convolution*" />
    <type name="vx_remap" value="Remap" />
    <type name="vx_remap*" value="Remap*" />
    <type name="vx_tensor" value="Tensor" />
    <type name="vx_tensor*" value="Tensor*" />
    <type name="vx_array" value="Array" />
    <type name="vx_array*" value="Array*" />
    <type name="vx_object_array" value="ObjectArray" />
    <type name="vx_object_array*" value="ObjectArray*" />
    <type name="vx_bool" value="bool" />
    <type name="vx_bool*" value="bool*" />
    <type name="vx_meta_format" value="MetaFormat" />

    <type name="vx_import" value="Import" />
    <type name="vx_import*" value="Import*" />

    <type name="vx_enum" value="int" />
    <type name="vx_enum*" value="int*" />
    
    <type name="vx_accessor_e" value="Accessor" />
    <type name="vx_channel_e" value="Channel" />
    <type name="vx_map_flag_e" value="MapFlag" /> <!-- as vx_uint32 -->
    <type name="vx_directive_e" value="Directive" />
    <type name="vx_direction_e" value="Direction" />
    <type name="vx_hint_e" value="Hint" />
    <type name="vx_kernel_e" value="KernelType" />
    <type name="vx_map_flag_e" value="int" />
    <type name="vx_memory_type_e" value="MemoryType" />
    <type name="vx_parameter_state_e" value="ParameterState" />
    <type name="vx_pattern_e" value="Pattern" />
    <type name="vx_status" value="Status" />
    <type name="vx_target_e" value="Target" />
    <type name="vx_type_e" value="Type" />

    <type name="vx_type_e" value="Type" />
    <type name="vx_type_e*" value="Type*" />
    <type name="vx_interpolation_type_e" value="InterpolationType" />
    <type name="vx_non_linear_filter_e" value="NonLinearFilter" />
    <type name="vx_scalar_operation_e" value="ScalarOperation" />
    <type name="vx_convert_policy_e" value="ConvertPolicy" />
    <type name="vx_round_policy_e" value="RoundPolicy" />
    <type name="vx_norm_type_e" value="NormType" />
    <type name="vx_termination_criteria_e" value="TerminationCriteria" />
    <type name="vx_comp_metric_e" value="CompareMetric" />
    <type name="vx_lbp_format_e" value="LbpFormat" />
    <type name="vx_context_attribute_e" value="ContextAttribute" />
    <type name="vx_image_attribute_e" value="ImageAttribute" />
    <type name="vx_kernel_attribute_e" value="KernelAttribute" />
    <type name="vx_graph_attribute_e" value="GraphAttribute" />
    <type name="vx_node_attribute_e" value="NodeAttribute" />
    <type name="vx_parameter_attribute_e" value="ParameterAttribute" />
    <type name="vx_scalar_attribute_e" value="ScalarAttribute" />
    <type name="vx_reference_attribute_e" value="ReferenceAttribute" />
    <type name="vx_delay_attribute_e" value="DelayAttribute" />
    <type name="vx_lut_attribute_e" value="LutAttribute" />
    <type name="vx_distribution_attribute_e" value="DistributionAttribute" />
    <type name="vx_threshold_attribute_e" value="ThresholdAttribute" />
    <type name="vx_matrix_attribute_e" value="MatrixAttribute" />
    <type name="vx_convolution_attribute_e" value="ConvolutionAttribute" />
    <type name="vx_pyramid_attribute_e" value="PyramidAttribute" />
    <type name="vx_remap_attribute_e" value="RemapAttribute" />
    <type name="vx_array_attribute_e" value="ArrayAttribute" />
    <type name="vx_object_array_attribute_e" value="ObjectArrayAttribute" />
    <type name="vx_tensor_attribute_e" value="TensorAttribute" />
    
    <type name="vx_action" value="int" />

    <type name="vx_imagepatch_addressing_t" value="ImagePatchAddressing" />
    <type name="vx_imagepatch_addressing_t*" value="ImagePatchAddressing*" />
    <type name="vx_hog_t" value="Hog" />
    <type name="vx_hog_t*" value="Hog*" />
    <type name="vx_hough_lines_p_t" value="HoughLinesParams" />
    <type name="vx_hough_lines_p_t*" value="HoughLinesParams*" />
    <type name="vx_matrix_multiply_params_t" value="MatrixMulParams" />
    <type name="vx_matrix_multiply_params_t*" value="MatrixMulParams*" />
    <type name="vx_perf_t" value="Perf" />
    <type name="vx_kernel_info_t" value="KernelInfo" />
    <type name="vx_keypoint_t" value="KeyPoint" />
    <type name="vx_rectangle_t" value="Rectangle" />
    <type name="vx_rectangle_t*" value="Rectangle*" />
    <type name="vx_coordinates2d_t" value="Coordinates2D" />
    <type name="vx_coordinates3d_t" value="Coordinates3D" />
    <type name="vx_pixel_value_t" value="PixelValue" />
    <type name="vx_pixel_value_t*" value="PixelValue" />
    <type name="vx_border_t" value="Border" />
    <type name="vx_nn_convolution_params_t" value="NnConvolutionParams" />
    <type name="vx_nn_convolution_params_t*" value="NnConvolutionParams*" />
    <type name="vx_nn_deconvolution_params_t" value="NnDeconvolutionParams" />
    <type name="vx_nn_deconvolution_params_t*" value="NnDeconvolutionParams*" />
    

    <type name="vx_publish_kernels_f" value="PublishKernelsCallback" />
    <type name="vx_unpublish_kernels_f" value="UnpublishKernelsCallback" />
    <type name="vx_kernel_f" value="KernelCallback" />
    <type name="vx_kernel_initialize_f" value="KernelInitializeCallback" />
    <type name="vx_kernel_deinitialize_f" value="KernelDeinitializeCallback" />
    <type name="vx_kernel_validate_f" value="KernelValidateCallbackCallback" />
    <type name="vx_kernel_image_valid_rectangle_f" value="KernelImageValidRectangleCallback" />
    <type name="vx_log_callback_f" value="LogCallback" />
    <type name="vx_nodecomplete_f" value="NodeCompleteCallback" />
    <type name="vx_tiling_kernel_f" value="TilingKernelCallback" />
    <type name="vx_kernel_input_validate_f" value="KernelInputValidateCallback" />
    <type name="vx_kernel_output_validate_f" value="KernelOutputValidateCallback" />

	<!-- Bad decorators -->
	<type name="GLfloatconst" value="float" />
	<type name="GLXContextconst" value="IntPtr" />
</typemap>