﻿<?xml version="1.0" encoding="utf-8" ?>
<words>
	<word>Acquire</word>
	<word>Address</word>
	<word>Attribs</word>
	<word>Attrib</word>
	<word>API</word>
	<word>Bind</word>
	<word>Blob</word>
	<word>Buffers</word>
	<word>Buffer</word>
	<word>Cache</word>
	<word>Choose</word>
	<word>Client</word>
	<word>Create</word>
	<word>Configs</word>
	<word>Config</word>
	<word>Consumer</word>
	<word>Context</word>
	<word>Copy</word>
	<word>Current</word>
	<word>Damage</word>
	<word>Descriptor</word>
	<word>Destroy</word>
	<word>Devices</word>
	<word>Device</word>
	<word>Display</word>
	<word>DmaBuf</word>
	<word>DRM</word>
	<word>Dup</word>
	<word>Export</word>
	<word>External</word>
	<word>Error</word>
	<word>Formats</word>
	<word>Frequency</word>
	<word>Funcs</word>
	<word>Get</word>
	<word>GL</word>
	<word>HI</word>
	<word>Image</word>
	<word>Initialize</word>
	<word>Interval</word>
	<word>Layers</word>
	<word>Lock</word>
	<word>Make</word>
	<word>Modifiers</word>
	<word>Native</word>
	<word>Output</word>
	<word>Fence</word>
	<word>File</word>
	<word>From</word>
	<word>Pbuffer</word>
	<word>Pixmap</word>
	<word>Platform</word>
	<word>Pointer</word>
	<word>Proc</word>
	<word>Producer</word>
	<word>Ports</word>
	<word>Query</word>
	<word>Region2</word>
	<word>Region</word>
	<word>Release</word>
	<word>Set</word>
	<word>Signal</word>
	<word>Sync</word>
	<word>System</word>
	<word>Stream</word>
	<word>String</word>
	<word>Sub</word>
	<word>Surface</word>
	<word>Swap</word>
	<word>Terminate</word>
	<word>Texture</word>
	<word>Tex</word>
	<word>Thread</word>
	<word>Time</word>
	<word>Unlock</word>
	<word>Wait</word>
	<word>Window</word>
	<word>With</word>
</words>