﻿<?xml version="1.0" encoding="utf-8" ?>
<extensions>
	<extension index="1">
		GL_ARB_multitexture
	</extension>
	<extension index="2">
		GLX_ARB_get_proc_address
	</extension>
	<extension index="3">
		GL_ARB_transpose_matrix
	</extension>
	<extension index="4">
		WGL_ARB_buffer_region
	</extension>
	<extension index="5">
		GL_ARB_multisample GLX_ARB_multisample WGL_ARB_multisample
	</extension>
	<extension index="6">
		GL_ARB_texture_env_add
	</extension>
	<extension index="7">
		GL_ARB_texture_cube_map
	</extension>
	<extension index="8">
		WGL_ARB_extensions_string
	</extension>
	<extension index="9">
		WGL_ARB_pixel_format
	</extension>
	<extension index="10">
		WGL_ARB_make_current_read
	</extension>
	<extension index="11">
		WGL_ARB_pbuffer
	</extension>
	<extension index="12">
		GL_ARB_texture_compression
	</extension>
	<extension index="13">
		GL_ARB_texture_border_clamp
	</extension>
	<extension index="14">
		GL_ARB_point_parameters
	</extension>
	<extension index="15">
		GL_ARB_vertex_blend
	</extension>
	<extension index="16">
		GL_ARB_matrix_palette
	</extension>
	<extension index="17">
		GL_ARB_texture_env_combine
	</extension>
	<extension index="18">
		GL_ARB_texture_env_crossbar
	</extension>
	<extension index="19">
		GL_ARB_texture_env_dot3
	</extension>
	<extension index="20">
		WGL_ARB_render_texture
	</extension>
	<extension index="21">
		GL_ARB_texture_mirrored_repeat
	</extension>
	<extension index="22">
		GL_ARB_depth_texture
	</extension>
	<extension index="23">
		GL_ARB_shadow
	</extension>
	<extension index="24">
		GL_ARB_shadow_ambient
	</extension>
	<extension index="25">
		GL_ARB_window_pos
	</extension>
	<extension index="26">
		GL_ARB_vertex_program
	</extension>
	<extension index="27">
		GL_ARB_fragment_program
	</extension>
	<extension index="28">
		GL_ARB_vertex_buffer_object GLX_ARB_vertex_buffer_object
	</extension>
	<extension index="29">
		GL_ARB_occlusion_query
	</extension>
	<extension index="30">
		GL_ARB_shader_objects
	</extension>
	<extension index="31">
		GL_ARB_vertex_shader
	</extension>
	<extension index="32">
		GL_ARB_fragment_shader
	</extension>
	<extension index="33">
		GL_ARB_shading_language_100
	</extension>
	<extension index="34">
		GL_ARB_texture_non_power_of_two
	</extension>
	<extension index="35">
		GL_ARB_point_sprite
	</extension>
	<extension index="36">
		GL_ARB_fragment_program_shadow
	</extension>
	<extension index="37">
		GL_ARB_draw_buffers
	</extension>
	<extension index="38">
		GL_ARB_texture_rectangle
	</extension>
	<extension index="39">
		GL_ARB_color_buffer_float WGL_ARB_pixel_format_float GLX_ARB_fbconfig_float
	</extension>
	<extension index="40">
		GL_ARB_half_float_pixel
	</extension>
	<extension index="41">
		GL_ARB_texture_float
	</extension>
	<extension index="42">
		GL_ARB_pixel_buffer_object
	</extension>
	<extension index="43">
		GL_ARB_depth_buffer_float
	</extension>
	<extension index="44">
		GL_ARB_draw_instanced
	</extension>
	<extension index="45">
		GL_ARB_framebuffer_object
	</extension>
	<extension index="46">
		GL_ARB_framebuffer_sRGB GLX_ARB_framebuffer_sRGB WGL_ARB_framebuffer_sRGB
	</extension>
	<extension index="47">
		GL_ARB_geometry_shader4
	</extension>
	<extension index="48">
		GL_ARB_half_float_vertex
	</extension>
	<extension index="49">
		GL_ARB_instanced_arrays
	</extension>
	<extension index="50">
		GL_ARB_map_buffer_range
	</extension>
	<extension index="51">
		GL_ARB_texture_buffer_object
	</extension>
	<extension index="52">
		GL_ARB_texture_compression_rgtc
	</extension>
	<extension index="53">
		GL_ARB_texture_rg
	</extension>
	<extension index="54">
		GL_ARB_vertex_array_object
	</extension>
	<extension index="55">
		WGL_ARB_create_context
	</extension>
	<extension index="56">
		GLX_ARB_create_context
	</extension>
	<extension index="57">
		GL_ARB_uniform_buffer_object
	</extension>
	<extension index="58">
		GL_ARB_compatibility
	</extension>
	<extension index="59">
		GL_ARB_copy_buffer
	</extension>
	<extension index="60">
		GL_ARB_shader_texture_lod
	</extension>
	<extension index="61">
		GL_ARB_depth_clamp
	</extension>
	<extension index="62">
		GL_ARB_draw_elements_base_vertex
	</extension>
	<extension index="63">
		GL_ARB_fragment_coord_conventions
	</extension>
	<extension index="64">
		GL_ARB_provoking_vertex
	</extension>
	<extension index="65">
		GL_ARB_seamless_cube_map
	</extension>
	<extension index="66">
		GL_ARB_sync
	</extension>
	<extension index="67">
		GL_ARB_texture_multisample
	</extension>
	<extension index="68">
		GL_ARB_vertex_array_bgra
	</extension>
	<extension index="69">
		GL_ARB_draw_buffers_blend
	</extension>
	<extension index="70">
		GL_ARB_sample_shading
	</extension>
	<extension index="71">
		GL_ARB_texture_cube_map_array
	</extension>
	<extension index="72">
		GL_ARB_texture_gather
	</extension>
	<extension index="73">
		GL_ARB_texture_query_lod
	</extension>
	<extension index="74">
		WGL_ARB_create_context_profile
	</extension>
	<extension index="75">
		GLX_ARB_create_context_profile
	</extension>
	<extension index="76">
		GL_ARB_shading_language_include
	</extension>
	<extension index="77">
		GL_ARB_texture_compression_bptc
	</extension>
	<extension index="78">
		GL_ARB_blend_func_extended
	</extension>
	<extension index="79">
		GL_ARB_explicit_attrib_location
	</extension>
	<extension index="80">
		GL_ARB_occlusion_query2
	</extension>
	<extension index="81">
		GL_ARB_sampler_objects
	</extension>
	<extension index="82">
		GL_ARB_shader_bit_encoding
	</extension>
	<extension index="83">
		GL_ARB_texture_rgb10_a2ui
	</extension>
	<extension index="84">
		GL_ARB_texture_swizzle
	</extension>
	<extension index="85">
		GL_ARB_timer_query
	</extension>
	<extension index="86">
		GL_ARB_vertex_type_2_10_10_10_rev
	</extension>
	<extension index="87">
		GL_ARB_draw_indirect
	</extension>
	<extension index="88">
		GL_ARB_gpu_shader5
	</extension>
	<extension index="89">
		GL_ARB_gpu_shader_fp64
	</extension>
	<extension index="90">
		GL_ARB_shader_subroutine
	</extension>
	<extension index="91">
		GL_ARB_tessellation_shader
	</extension>
	<extension index="92">
		GL_ARB_texture_buffer_object_rgb32
	</extension>
	<extension index="93">
		GL_ARB_transform_feedback2
	</extension>
	<extension index="94">
		GL_ARB_transform_feedback3
	</extension>
	<extension index="95">
		GL_ARB_ES2_compatibility
	</extension>
	<extension index="96">
		GL_ARB_get_program_binary
	</extension>
	<extension index="97">
		GL_ARB_separate_shader_objects
	</extension>
	<extension index="98">
		GL_ARB_shader_precision
	</extension>
	<extension index="99">
		GL_ARB_vertex_attrib_64bit
	</extension>
	<extension index="100">
		GL_ARB_viewport_array
	</extension>
	<extension index="101">
		GLX_ARB_create_context_robustness
	</extension>
	<extension index="102">
		WGL_ARB_create_context_robustness
	</extension>
	<extension index="103">
		GL_ARB_cl_event
	</extension>
	<extension index="104">
		GL_ARB_debug_output
	</extension>
	<extension index="105">
		GL_ARB_robustness
	</extension>
	<extension index="106">
		GL_ARB_shader_stencil_export
	</extension>
	<extension index="107">
		GL_ARB_base_instance
	</extension>
	<extension index="108">
		GL_ARB_shading_language_420pack
	</extension>
	<extension index="109">
		GL_ARB_transform_feedback_instanced
	</extension>
	<extension index="110">
		GL_ARB_compressed_texture_pixel_storage
	</extension>
	<extension index="111">
		GL_ARB_conservative_depth
	</extension>
	<extension index="112">
		GL_ARB_internalformat_query
	</extension>
	<extension index="113">
		GL_ARB_map_buffer_alignment
	</extension>
	<extension index="114">
		GL_ARB_shader_atomic_counters
	</extension>
	<extension index="115">
		GL_ARB_shader_image_load_store
	</extension>
	<extension index="116">
		GL_ARB_shading_language_packing
	</extension>
	<extension index="117">
		GL_ARB_texture_storage
	</extension>
	<extension index="118">
		GL_KHR_texture_compression_astc_hdr GL_KHR_texture_compression_astc_ldr
	</extension>
	<extension index="119">
		GL_KHR_debug
	</extension>
	<extension index="120">
		GL_ARB_arrays_of_arrays
	</extension>
	<extension index="121">
		GL_ARB_clear_buffer_object
	</extension>
	<extension index="122">
		GL_ARB_compute_shader
	</extension>
	<extension index="123">
		GL_ARB_copy_image
	</extension>
	<extension index="124">
		GL_ARB_texture_view
	</extension>
	<extension index="125">
		GL_ARB_vertex_attrib_binding
	</extension>
	<extension index="126">
		GL_ARB_robustness_isolation
	</extension>
	<extension index="127">
		GL_ARB_ES3_compatibility
	</extension>
	<extension index="128">
		GL_ARB_explicit_uniform_location
	</extension>
	<extension index="129">
		GL_ARB_fragment_layer_viewport
	</extension>
	<extension index="130">
		GL_ARB_framebuffer_no_attachments
	</extension>
	<extension index="131">
		GL_ARB_internalformat_query2
	</extension>
	<extension index="132">
		GL_ARB_invalidate_subdata
	</extension>
	<extension index="133">
		GL_ARB_multi_draw_indirect
	</extension>
	<extension index="134">
		GL_ARB_program_interface_query
	</extension>
	<extension index="135">
		GL_ARB_robust_buffer_access_behavior
	</extension>
	<extension index="136">
		GL_ARB_shader_image_size
	</extension>
	<extension index="137">
		GL_ARB_shader_storage_buffer_object
	</extension>
	<extension index="138">
		GL_ARB_stencil_texturing
	</extension>
	<extension index="139">
		GL_ARB_texture_buffer_range
	</extension>
	<extension index="140">
		GL_ARB_texture_query_levels
	</extension>
	<extension index="141">
		GL_ARB_texture_storage_multisample
	</extension>
	<extension index="142">
		GLX_ARB_robustness_application_isolation GLX_ARB_robustness_share_group_isolation
	</extension>
	<extension index="143">
		WGL_ARB_robustness_application_isolation WGL_ARB_robustness_share_group_isolation
	</extension>
	<extension index="144">
		GL_ARB_buffer_storage
	</extension>
	<extension index="145">
		GL_ARB_clear_texture
	</extension>
	<extension index="146">
		GL_ARB_enhanced_layouts
	</extension>
	<extension index="147">
		GL_ARB_multi_bind
	</extension>
	<extension index="148">
		GL_ARB_query_buffer_object
	</extension>
	<extension index="149">
		GL_ARB_texture_mirror_clamp_to_edge
	</extension>
	<extension index="150">
		GL_ARB_texture_stencil8
	</extension>
	<extension index="151">
		GL_ARB_vertex_type_10f_11f_11f_rev
	</extension>
	<extension index="152">
		GL_ARB_bindless_texture
	</extension>
	<extension index="153">
		GL_ARB_compute_variable_group_size
	</extension>
	<extension index="154">
		GL_ARB_indirect_parameters
	</extension>
	<extension index="155">
		GL_ARB_seamless_cubemap_per_texture
	</extension>
	<extension index="156">
		GL_ARB_shader_draw_parameters
	</extension>
	<extension index="157">
		GL_ARB_shader_group_vote
	</extension>
	<extension index="158">
		GL_ARB_sparse_texture
	</extension>
	<extension index="159">
		GL_ARB_ES3_1_compatibility
	</extension>
	<extension index="160">
		GL_ARB_clip_control
	</extension>
	<extension index="161">
		GL_ARB_conditional_render_inverted
	</extension>
	<extension index="162">
		GL_ARB_cull_distance
	</extension>
	<extension index="163">
		GL_ARB_derivative_control
	</extension>
	<extension index="164">
		GL_ARB_direct_state_access
	</extension>
	<extension index="165">
		GL_ARB_get_texture_sub_image
	</extension>
	<extension index="166">
		GL_ARB_shader_texture_image_samples
	</extension>
	<extension index="167">
		GL_ARB_texture_barrier
	</extension>
	<extension index="168">
		GL_KHR_context_flush_control GLX_ARB_context_flush_control WGL_ARB_context_flush_control
	</extension>
	<extension index="169">
		GL_KHR_robust_buffer_access_behavior
	</extension>
	<extension index="170">
		GL_KHR_robustness
	</extension>
	<extension index="171">
		GL_ARB_pipeline_statistics_query
	</extension>
	<extension index="172">
		GL_ARB_sparse_buffer
	</extension>
	<extension index="173">
		GL_ARB_transform_feedback_overflow_query
	</extension>
	
	<!-- Vendor and EXT Extensions by number -->

	<extension index="1">
		GL_EXT_abgr
	</extension>
	<extension index="2">
		GL_EXT_blend_color
	</extension>
	<extension index="3">
		GL_EXT_polygon_offset
	</extension>
	<extension index="4">
		GL_EXT_texture
	</extension>
	<extension index="6">
		GL_EXT_texture3D
	</extension>
	<extension index="7">
		GL_SGIS_texture_filter4
	</extension>
	<extension index="9">
		GL_EXT_subtexture
	</extension>
	<extension index="10">
		GL_EXT_copy_texture
	</extension>
	<extension index="11">
		GL_EXT_histogram
	</extension>
	<extension index="12">
		GL_EXT_convolution
	</extension>
	<extension index="13">
		GL_SGI_color_matrix
	</extension>
	<extension index="14">
		GL_SGI_color_table
	</extension>
	<extension index="15">
		GL_SGIS_pixel_texture
	</extension>
	<extension index="15">
		GL_SGIX_pixel_texture
	</extension>
	<extension index="16">
		GL_SGIS_texture4D
	</extension>
	<extension index="17">
		GL_SGI_texture_color_table
	</extension>
	<extension index="18">
		GL_EXT_cmyka
	</extension>
	<extension index="20">
		GL_EXT_texture_object
	</extension>
	<extension index="21">
		GL_SGIS_detail_texture
	</extension>
	<extension index="22">
		GL_SGIS_sharpen_texture
	</extension>
	<extension index="23">
		GL_EXT_packed_pixels
	</extension>
	<extension index="24">
		GL_SGIS_texture_lod
	</extension>
	<extension index="25">
		GL_SGIS_multisample
	</extension>
	<extension index="25">
		GLX_SGIS_multisample
	</extension>
	<extension index="27">
		GL_EXT_rescale_normal
	</extension>
	<extension index="28">
		GLX_EXT_visual_info
	</extension>
	<extension index="30">
		GL_EXT_vertex_array
	</extension>
	<extension index="31">
		GL_EXT_misc_attribute
	</extension>
	<extension index="32">
		GL_SGIS_generate_mipmap
	</extension>
	<extension index="33">
		GL_SGIX_clipmap
	</extension>
	<extension index="34">
		GL_SGIX_shadow
	</extension>
	<extension index="35">
		GL_SGIS_texture_edge_clamp
	</extension>
	<extension index="36">
		GL_SGIS_texture_border_clamp
	</extension>
	<extension index="37">
		GL_EXT_blend_minmax
	</extension>
	<extension index="38">
		GL_EXT_blend_subtract
	</extension>
	<extension index="39">
		GL_EXT_blend_logic_op
	</extension>
	<extension index="40">
		GLX_SGI_swap_control
	</extension>
	<extension index="41">
		GLX_SGI_video_sync
	</extension>
	<extension index="42">
		GLX_SGI_make_current_read
	</extension>
	<extension index="43">
		GLX_SGIX_video_source
	</extension>
	<extension index="44">
		GLX_EXT_visual_rating
	</extension>
	<extension index="45">
		GL_SGIX_interlace
	</extension>
	<extension index="47">
		GLX_EXT_import_context
	</extension>
	<extension index="49">
		GLX_SGIX_fbconfig
	</extension>
	<extension index="50">
		GLX_SGIX_pbuffer
	</extension>
	<extension index="51">
		GL_SGIS_texture_select
	</extension>
	<extension index="52">
		GL_SGIX_sprite
	</extension>
	<extension index="53">
		GL_SGIX_texture_multi_buffer
	</extension>
	<extension index="54">
		GL_EXT_point_parameters
	</extension>
	<extension index="55">
		GL_SGIX_instruments
	</extension>
	<extension index="56">
		GL_SGIX_texture_scale_bias
	</extension>
	<extension index="57">
		GL_SGIX_framezoom
	</extension>
	<extension index="58">
		GL_SGIX_tag_sample_buffer
	</extension>
	<extension index="60">
		GL_SGIX_reference_plane
	</extension>
	<extension index="61">
		GL_SGIX_flush_raster
	</extension>
	<extension index="62">
		GLX_SGI_cushion
	</extension>
	<extension index="63">
		GL_SGIX_depth_texture
	</extension>
	<extension index="64">
		GL_SGIS_fog_function
	</extension>
	<extension index="65">
		GL_SGIX_fog_offset
	</extension>
	<extension index="66">
		GL_HP_image_transform
	</extension>
	<extension index="67">
		GL_HP_convolution_border_modes
	</extension>
	<extension index="69">
		GL_SGIX_texture_add_env
	</extension>
	<extension index="74">
		GL_EXT_color_subtable
	</extension>
	<extension index="75">
		GLU_EXT_object_space_tess
	</extension>
	<extension index="76">
		GL_PGI_vertex_hints
	</extension>
	<extension index="77">
		GL_PGI_misc_hints
	</extension>
	<extension index="78">
		GL_EXT_paletted_texture
	</extension>
	<extension index="79">
		GL_EXT_clip_volume_hint
	</extension>
	<extension index="80">
		GL_SGIX_list_priority
	</extension>
	<extension index="81">
		GL_SGIX_ir_instrument1
	</extension>
	<extension index="83">
		GLX_SGIX_video_resize
	</extension>
	<extension index="84">
		GL_SGIX_texture_lod_bias
	</extension>
	<extension index="85">
		GLU_SGI_filter4_parameters
	</extension>
	<extension index="86">
		GLX_SGIX_dm_buffer
	</extension>
	<extension index="90">
		GL_SGIX_shadow_ambient
	</extension>
	<extension index="91">
		GLX_SGIX_swap_group
	</extension>
	<extension index="92">
		GLX_SGIX_swap_barrier
	</extension>
	<extension index="93">
		GL_EXT_index_texture
	</extension>
	<extension index="94">
		GL_EXT_index_material
	</extension>
	<extension index="95">
		GL_EXT_index_func
	</extension>
	<extension index="96">
		GL_EXT_index_array_formats
	</extension>
	<extension index="97">
		GL_EXT_compiled_vertex_array
	</extension>
	<extension index="98">
		GL_EXT_cull_vertex
	</extension>
	<extension index="100">
		GLU_EXT_nurbs_tessellator
	</extension>
	<extension index="101">
		GL_SGIX_ycrcb
	</extension>
	<extension index="102">
		GL_EXT_fragment_lighting
	</extension>
	<extension index="110">
		GL_IBM_rasterpos_clip
	</extension>
	<extension index="111">
		GL_HP_texture_lighting
	</extension>
	<extension index="112">
		GL_EXT_draw_range_elements
	</extension>
	<extension index="113">
		GL_WIN_phong_shading
	</extension>
	<extension index="114">
		GL_WIN_specular_fog
	</extension>
	<extension index="115">
		GLX_SGIS_color_range GL_SGIS_color_range
	</extension>
	<extension index="117">
		GL_EXT_light_texture
	</extension>
	<extension index="119">
		GL_SGIX_blend_alpha_minmax
	</extension>
	<extension index="120">
		GL_EXT_scene_marker
	</extension>
	<extension index="120">
		GLX_EXT_scene_marker
	</extension>
	<extension index="127">
		GL_SGIX_pixel_texture_bits
	</extension>
	<extension index="129">
		GL_EXT_bgra
	</extension>
	<extension index="132">
		GL_SGIX_async
	</extension>
	<extension index="133">
		GL_SGIX_async_pixel
	</extension>
	<extension index="134">
		GL_SGIX_async_histogram
	</extension>
	<extension index="135">
		GL_INTEL_texture_scissor
	</extension>
	<extension index="136">
		GL_INTEL_parallel_arrays
	</extension>
	<extension index="137">
		GL_HP_occlusion_test
	</extension>
	<extension index="138">
		GL_EXT_pixel_transform
	</extension>
	<extension index="139">
		GL_EXT_pixel_transform_color_table
	</extension>
	<extension index="141">
		GL_EXT_shared_texture_palette
	</extension>
	<extension index="142">
		GLX_SGIS_blended_overlay
	</extension>
	<extension index="144">
		GL_EXT_separate_specular_color
	</extension>
	<extension index="145">
		GL_EXT_secondary_color
	</extension>
	<extension index="146">
		GL_EXT_texture_env
	</extension>
	<extension index="147">
		GL_EXT_texture_perturb_normal
	</extension>
	<extension index="148">
		GL_EXT_multi_draw_arrays
	</extension>
	<extension index="148">
		GL_SUN_multi_draw_arrays
	</extension>
	<extension index="149">
		GL_EXT_fog_coord
	</extension>
	<extension index="155">
		GL_REND_screen_coordinates
	</extension>
	<extension index="156">
		GL_EXT_coordinate_frame
	</extension>
	<extension index="158">
		GL_EXT_texture_env_combine
	</extension>
	<extension index="159">
		GL_APPLE_specular_vector
	</extension>
	<extension index="160">
		GL_APPLE_transform_hint
	</extension>
	<extension index="163">
		GL_SUNX_constant_data
	</extension>
	<extension index="164">
		GL_SUN_global_alpha
	</extension>
	<extension index="165">
		GL_SUN_triangle_list
	</extension>
	<extension index="166">
		GL_SUN_vertex
	</extension>
	<extension index="167">
		WGL_EXT_display_color_table
	</extension>
	<extension index="168">
		WGL_EXT_extensions_string
	</extension>
	<extension index="169">
		WGL_EXT_make_current_read
	</extension>
	<extension index="170">
		WGL_EXT_pixel_format
	</extension>
	<extension index="171">
		WGL_EXT_pbuffer
	</extension>
	<extension index="172">
		WGL_EXT_swap_control
	</extension>
	<extension index="173">
		GL_EXT_blend_func_separate
	</extension>
	<extension index="174">
		GL_INGR_color_clamp
	</extension>
	<extension index="175">
		GL_INGR_interlace_read
	</extension>
	<extension index="176">
		GL_EXT_stencil_wrap
	</extension>
	<extension index="177">
		WGL_EXT_depth_float
	</extension>
	<extension index="178">
		GL_EXT_422_pixels
	</extension>
	<extension index="179">
		GL_NV_texgen_reflection
	</extension>
	<extension index="181">
		GL_SGIX_texture_range
	</extension>
	<extension index="182">
		GL_SUN_convolution_border_modes
	</extension>
	<extension index="183">
		GLX_SUN_get_transparent_index
	</extension>
	<extension index="185">
		GL_EXT_texture_env_add
	</extension>
	<extension index="186">
		GL_EXT_texture_lod_bias
	</extension>
	<extension index="187">
		GL_EXT_texture_filter_anisotropic
	</extension>
	<extension index="188">
		GL_EXT_vertex_weighting
	</extension>
	<extension index="189">
		GL_NV_light_max_exponent
	</extension>
	<extension index="190">
		GL_NV_vertex_array_range
	</extension>
	<extension index="191">
		GL_NV_register_combiners
	</extension>
	<extension index="192">
		GL_NV_fog_distance
	</extension>
	<extension index="193">
		GL_NV_texgen_emboss
	</extension>
	<extension index="194">
		GL_NV_blend_square
	</extension>
	<extension index="195">
		GL_NV_texture_env_combine4
	</extension>
	<extension index="196">
		GL_MESA_resize_buffers
	</extension>
	<extension index="197">
		GL_MESA_window_pos
	</extension>
	<extension index="198">
		GL_EXT_texture_compression_s3tc
	</extension>
	<extension index="199">
		GL_IBM_cull_vertex
	</extension>
	<extension index="200">
		GL_IBM_multimode_draw_arrays
	</extension>
	<extension index="201">
		GL_IBM_vertex_array_lists
	</extension>
	<extension index="206">
		GL_3DFX_texture_compression_FXT1
	</extension>
	<extension index="207">
		GL_3DFX_multisample
	</extension>
	<extension index="208">
		GL_3DFX_tbuffer
	</extension>
	<extension index="209">
		WGL_EXT_multisample GL_EXT_multisample
	</extension>
	<extension index="210">
		GL_SGIX_vertex_preclip
	</extension>
	<extension index="210">
		GL_SGIX_vertex_preclip_hint
	</extension>
	<extension index="211">
		GL_SGIX_convolution_accuracy
	</extension>
	<extension index="212">
		GL_SGIX_resample
	</extension>
	<extension index="213">
		GL_SGIS_point_line_texgen
	</extension>
	<extension index="214">
		GL_SGIS_texture_color_mask
	</extension>
	<extension index="215">
		GLX_MESA_copy_sub_buffer
	</extension>
	<extension index="216">
		GLX_MESA_pixmap_colormap
	</extension>
	<extension index="217">
		GLX_MESA_release_buffers
	</extension>
	<extension index="218">
		GLX_MESA_set_3dfx_mode
	</extension>
	<extension index="220">
		GL_EXT_texture_env_dot3
	</extension>
	<extension index="221">
		GL_ATI_texture_mirror_once
	</extension>
	<extension index="222">
		GL_NV_fence
	</extension>
	<extension index="223">
		GL_IBM_static_data
	</extension>
	<extension index="224">
		GL_IBM_texture_mirrored_repeat
	</extension>
	<extension index="225">
		GL_NV_evaluators
	</extension>
	<extension index="226">
		GL_NV_packed_depth_stencil
	</extension>
	<extension index="227">
		GL_NV_register_combiners2
	</extension>
	<extension index="228">
		GL_NV_texture_compression_vtc
	</extension>
	<extension index="229">
		GL_NV_texture_rectangle
	</extension>
	<extension index="230">
		GL_NV_texture_shader
	</extension>
	<extension index="231">
		GL_NV_texture_shader2
	</extension>
	<extension index="232">
		GL_NV_vertex_array_range2
	</extension>
	<extension index="233">
		GL_NV_vertex_program
	</extension>
	<extension index="234">
		GLX_SGIX_visual_select_group
	</extension>
	<extension index="235">
		GL_SGIX_texture_coordinate_clamp
	</extension>
	<extension index="237">
		GLX_OML_swap_method
	</extension>
	<extension index="238">
		GLX_OML_sync_control
	</extension>
	<extension index="239">
		GL_OML_interlace
	</extension>
	<extension index="240">
		GL_OML_subsample
	</extension>
	<extension index="241">
		GL_OML_resample
	</extension>
	<extension index="242">
		WGL_OML_sync_control
	</extension>
	<extension index="243">
		GL_NV_copy_depth_to_color
	</extension>
	<extension index="244">
		GL_ATI_envmap_bumpmap
	</extension>
	<extension index="245">
		GL_ATI_fragment_shader
	</extension>
	<extension index="246">
		GL_ATI_pn_triangles
	</extension>
	<extension index="247">
		GL_ATI_vertex_array_object
	</extension>
	<extension index="248">
		GL_EXT_vertex_shader
	</extension>
	<extension index="249">
		GL_ATI_vertex_streams
	</extension>
	<extension index="250">
		WGL_I3D_digital_video_control
	</extension>
	<extension index="251">
		WGL_I3D_gamma
	</extension>
	<extension index="252">
		WGL_I3D_genlock
	</extension>
	<extension index="253">
		WGL_I3D_image_buffer
	</extension>
	<extension index="254">
		WGL_I3D_swap_frame_lock
	</extension>
	<extension index="255">
		WGL_I3D_swap_frame_usage
	</extension>
	<extension index="256">
		GL_ATI_element_array
	</extension>
	<extension index="257">
		GL_SUN_mesh_array
	</extension>
	<extension index="258">
		GL_SUN_slice_accum
	</extension>
	<extension index="259">
		GL_NV_multisample_filter_hint
	</extension>
	<extension index="260">
		GL_NV_depth_clamp
	</extension>
	<extension index="261">
		GL_NV_occlusion_query
	</extension>
	<extension index="262">
		GL_NV_point_sprite
	</extension>
	<extension index="263">
		WGL_NV_render_depth_texture
	</extension>
	<extension index="264">
		WGL_NV_render_texture_rectangle
	</extension>
	<extension index="265">
		GL_NV_texture_shader3
	</extension>
	<extension index="266">
		GL_NV_vertex_program1_1
	</extension>
	<extension index="267">
		GL_EXT_shadow_funcs
	</extension>
	<extension index="268">
		GL_EXT_stencil_two_side
	</extension>
	<extension index="269">
		GL_ATI_text_fragment_shader
	</extension>
	<extension index="270">
		GL_APPLE_client_storage
	</extension>
	<extension index="271">
		GL_APPLE_element_array
	</extension>
	<extension index="272">
		GL_APPLE_fence
	</extension>
	<extension index="273">
		GL_APPLE_vertex_array_object
	</extension>
	<extension index="274">
		GL_APPLE_vertex_array_range
	</extension>
	<extension index="275">
		GL_APPLE_ycbcr_422
	</extension>
	<extension index="276">
		GL_S3_s3tc
	</extension>
	<extension index="277">
		GL_ATI_draw_buffers
	</extension>
	<extension index="278">
		WGL_ATI_pixel_format_float
	</extension>
	<extension index="279">
		GL_ATI_texture_env_combine3
	</extension>
	<extension index="280">
		GL_ATI_texture_float
	</extension>
	<extension index="281">
		GL_NV_float_buffer WGL_NV_float_buffer
	</extension>
	<extension index="282">
		GL_NV_fragment_program
	</extension>
	<extension index="283">
		GL_NV_half_float
	</extension>
	<extension index="284">
		GL_NV_pixel_data_range
	</extension>
	<extension index="285">
		GL_NV_primitive_restart
	</extension>
	<extension index="286">
		GL_NV_texture_expand_normal
	</extension>
	<extension index="287">
		GL_NV_vertex_program2
	</extension>
	<extension index="288">
		GL_ATI_map_object_buffer
	</extension>
	<extension index="289">
		GL_ATI_separate_stencil
	</extension>
	<extension index="290">
		GL_ATI_vertex_attrib_array_object
	</extension>
	<extension index="291">
		GL_OES_byte_coordinates
	</extension>
	<extension index="292">
		GL_OES_fixed_point
	</extension>
	<extension index="293">
		GL_OES_single_precision
	</extension>
	<extension index="294">
		GL_OES_compressed_paletted_texture
	</extension>
	<extension index="295">
		GL_OES_read_format
	</extension>
	<extension index="296">
		GL_OES_query_matrix
	</extension>
	<extension index="297">
		GL_EXT_depth_bounds_test
	</extension>
	<extension index="298">
		GL_EXT_texture_mirror_clamp
	</extension>
	<extension index="299">
		GL_EXT_blend_equation_separate
	</extension>
	<extension index="300">
		GL_MESA_pack_invert
	</extension>
	<extension index="301">
		GL_MESA_ycbcr_texture
	</extension>
	<extension index="302">
		GL_EXT_pixel_buffer_object
	</extension>
	<extension index="303">
		GL_NV_fragment_program_option
	</extension>
	<extension index="304">
		GL_NV_fragment_program2
	</extension>
	<extension index="305">
		GL_NV_vertex_program2_option
	</extension>
	<extension index="306">
		GL_NV_vertex_program3
	</extension>
	<extension index="307">
		GLX_SGIX_hyperpipe
	</extension>
	<extension index="308">
		GLX_MESA_agp_offset
	</extension>
	<extension index="309">
		GL_EXT_texture_compression_dxt1
	</extension>
	<extension index="310">
		GL_EXT_framebuffer_object
	</extension>
	<extension index="311">
		GL_GREMEDY_string_marker
	</extension>
	<extension index="312">
		GL_EXT_packed_depth_stencil
	</extension>
	<extension index="313">
		WGL_3DL_stereo_control
	</extension>
	<extension index="314">
		GL_EXT_stencil_clear_tag
	</extension>
	<extension index="315">
		GL_EXT_texture_sRGB
	</extension>
	<extension index="316">
		GL_EXT_framebuffer_blit
	</extension>
	<extension index="317">
		GL_EXT_framebuffer_multisample
	</extension>
	<extension index="318">
		GL_MESAX_texture_stack
	</extension>
	<extension index="319">
		GL_EXT_timer_query
	</extension>
	<extension index="320">
		GL_EXT_gpu_program_parameters
	</extension>
	<extension index="321">
		GL_APPLE_flush_buffer_range
	</extension>
	<extension index="322">
		GL_NV_gpu_program4
	</extension>
	<extension index="323">
		GL_NV_geometry_program4
	</extension>
	<extension index="324">
		GL_EXT_geometry_shader4
	</extension>
	<extension index="325">
		GL_NV_vertex_program4
	</extension>
	<extension index="326">
		GL_EXT_gpu_shader4
	</extension>
	<extension index="327">
		GL_EXT_draw_instanced
	</extension>
	<extension index="328">
		GL_EXT_packed_float
	</extension>
	<extension index="328">
		WGL_EXT_pixel_format_packed_float
	</extension>
	<extension index="328">
		GLX_EXT_fbconfig_packed_float
	</extension>
	<extension index="329">
		GL_EXT_texture_array
	</extension>
	<extension index="330">
		GL_EXT_texture_buffer_object
	</extension>
	<extension index="331">
		GL_EXT_texture_compression_latc
	</extension>
	<extension index="332">
		GL_EXT_texture_compression_rgtc
	</extension>
	<extension index="333">
		GL_EXT_texture_shared_exponent
	</extension>
	<extension index="334">
		GL_NV_depth_buffer_float
	</extension>
	<extension index="335">
		GL_NV_fragment_program4
	</extension>
	<extension index="336">
		GL_NV_framebuffer_multisample_coverage
	</extension>
	<extension index="337">
		GL_EXT_framebuffer_sRGB
	</extension>
	<extension index="337">
		GLX_EXT_framebuffer_sRGB
	</extension>
	<extension index="337">
		WGL_EXT_framebuffer_sRGB
	</extension>
	<extension index="338">
		GL_NV_geometry_shader4
	</extension>
	<extension index="339">
		GL_NV_parameter_buffer_object
	</extension>
	<extension index="340">
		GL_EXT_draw_buffers2
	</extension>
	<extension index="341">
		GL_NV_transform_feedback
	</extension>
	<extension index="342">
		GL_EXT_bindable_uniform
	</extension>
	<extension index="343">
		GL_EXT_texture_integer
	</extension>
	<extension index="344">
		GLX_EXT_texture_from_pixmap
	</extension>
	<extension index="345">
		GL_GREMEDY_frame_terminator
	</extension>
	<extension index="346">
		GL_NV_conditional_render
	</extension>
	<extension index="347">
		GL_NV_present_video
	</extension>
	<extension index="347">
		GLX_NV_present_video
	</extension>
	<extension index="347">
		WGL_NV_present_video
	</extension>
	<extension index="348">
		GLX_NV_video_out
	</extension>
	<extension index="349">
		WGL_NV_video_output
	</extension>
	<extension index="350">
		GLX_NV_swap_group
	</extension>
	<extension index="351">
		WGL_NV_swap_group
	</extension>
	<extension index="352">
		GL_EXT_transform_feedback
	</extension>
	<extension index="353">
		GL_EXT_direct_state_access
	</extension>
	<extension index="354">
		GL_EXT_vertex_array_bgra
	</extension>
	<extension index="355">
		WGL_NV_gpu_affinity
	</extension>
	<extension index="356">
		GL_EXT_texture_swizzle
	</extension>
	<extension index="357">
		GL_NV_explicit_multisample
	</extension>
	<extension index="358">
		GL_NV_transform_feedback2
	</extension>
	<extension index="359">
		GL_ATI_meminfo
	</extension>
	<extension index="360">
		GL_AMD_performance_monitor
	</extension>
	<extension index="361">
		WGL_AMD_gpu_association
	</extension>
	<extension index="362">
		GL_AMD_texture_texture4
	</extension>
	<extension index="363">
		GL_AMD_vertex_shader_tessellator
	</extension>
	<extension index="364">
		GL_EXT_provoking_vertex
	</extension>
	<extension index="365">
		GL_EXT_texture_snorm
	</extension>
	<extension index="366">
		GL_AMD_draw_buffers_blend
	</extension>
	<extension index="367">
		GL_APPLE_texture_range
	</extension>
	<extension index="368">
		GL_APPLE_float_pixels
	</extension>
	<extension index="369">
		GL_APPLE_vertex_program_evaluators
	</extension>
	<extension index="370">
		GL_APPLE_aux_depth_stencil
	</extension>
	<extension index="371">
		GL_APPLE_object_purgeable
	</extension>
	<extension index="372">
		GL_APPLE_row_bytes
	</extension>
	<extension index="373">
		GL_APPLE_rgb_422
	</extension>
	<extension index="374">
		GL_NV_video_capture GLX_NV_video_capture WGL_NV_video_capture
	</extension>
	<extension index="375">
		GL_EXT_swap_control
	</extension>
	<extension index="376">
		GL_NV_copy_image WGL_NV_copy_image GLX_NV_copy_image
	</extension>
	<extension index="377">
		GL_EXT_separate_shader_objects
	</extension>
	<extension index="378">
		GL_NV_parameter_buffer_object2
	</extension>
	<extension index="379">
		GL_NV_shader_buffer_load
	</extension>
	<extension index="380">
		GL_NV_vertex_buffer_unified_memory
	</extension>
	<extension index="381">
		GL_NV_texture_barrier
	</extension>
	<extension index="382">
		GL_AMD_shader_stencil_export
	</extension>
	<extension index="383">
		GL_AMD_seamless_cubemap_per_texture
	</extension>
	<extension index="384">
		GLX_INTEL_swap_event
	</extension>
	<extension index="385">
		GL_AMD_conservative_depth
	</extension>
	<extension index="386">
		GL_EXT_shader_image_load_store
	</extension>
	<extension index="387">
		GL_EXT_vertex_attrib_64bit
	</extension>
	<extension index="388">
		GL_NV_gpu_program5
	</extension>
	<extension index="389">
		GL_NV_gpu_shader5
	</extension>
	<extension index="390">
		GL_NV_shader_buffer_store
	</extension>
	<extension index="391">
		GL_NV_tessellation_program5
	</extension>
	<extension index="392">
		GL_NV_vertex_attrib_integer_64bit
	</extension>
	<extension index="393">
		GL_NV_multisample_coverage
	</extension>
	<extension index="394">
		GL_AMD_name_gen_delete
	</extension>
	<extension index="395">
		GL_AMD_debug_output
	</extension>
	<extension index="396">
		GL_NV_vdpau_interop
	</extension>
	<extension index="397">
		GL_AMD_transform_feedback3_lines_triangles
	</extension>
	<extension index="398">
		GLX_AMD_gpu_association
	</extension>
	<extension index="399">
		GLX_EXT_create_context_es2_profile GLX_EXT_create_context_es_profile
	</extension>
	<extension index="400">
		WGL_EXT_create_context_es2_profile WGL_EXT_create_context_es_profile
	</extension>
	<extension index="401">
		GL_AMD_depth_clamp_separate
	</extension>
	<extension index="402">
		GL_EXT_texture_sRGB_decode
	</extension>
	<extension index="403">
		GL_NV_texture_multisample
	</extension>
	<extension index="404">
		GL_AMD_blend_minmax_factor
	</extension>
	<extension index="405">
		GL_AMD_sample_positions
	</extension>
	<extension index="406">
		GL_EXT_x11_sync_object
	</extension>
	<extension index="407">
		WGL_NV_DX_interop
	</extension>
	<extension index="408">
		GL_AMD_multi_draw_indirect
	</extension>
	<extension index="409">
		GL_EXT_framebuffer_multisample_blit_scaled
	</extension>
	<extension index="410">
		GL_NV_path_rendering
	</extension>
	<extension index="411">
		GL_AMD_pinned_memory
	</extension>
	<extension index="412">
		WGL_NV_DX_interop2
	</extension>
	<extension index="413">
		GL_AMD_stencil_operation_extended
	</extension>
	<extension index="414">
		GLX_EXT_swap_control_tear
	</extension>
	<extension index="415">
		WGL_EXT_swap_control_tear
	</extension>
	<extension index="416">
		GL_AMD_vertex_shader_viewport_index
	</extension>
	<extension index="417">
		GL_AMD_vertex_shader_layer
	</extension>
	<extension index="418">
		GL_NV_bindless_texture
	</extension>
	<extension index="419">
		GL_NV_shader_atomic_float
	</extension>
	<extension index="420">
		GL_AMD_query_buffer_object
	</extension>
	<extension index="421">
		GL_NV_compute_program5
	</extension>
	<extension index="422">
		GL_NV_shader_storage_buffer_object
	</extension>
	<extension index="423">
		GL_NV_shader_atomic_counters
	</extension>
	<extension index="424">
		GL_NV_deep_texture3D
	</extension>
	<extension index="425">
		GL_NVX_conditional_render
	</extension>
	<extension index="426">
		GL_AMD_sparse_texture
	</extension>
	<extension index="427">
		GLX_EXT_buffer_age
	</extension>
	<extension index="428">
		GL_AMD_shader_trinary_minmax
	</extension>
	<extension index="429">
		GL_INTEL_map_texture
	</extension>
	<extension index="430">
		GL_NV_draw_texture
	</extension>
	<extension index="431">
		GL_AMD_interleaved_elements
	</extension>
	<extension index="432">
		GL_NV_bindless_multi_draw_indirect
	</extension>
	<extension index="433">
		GL_NV_blend_equation_advanced GL_NV_blend_equation_advanced_coherent
	</extension>
	<extension index="434">
		GL_NV_gpu_program5_mem_extended
	</extension>
	<extension index="435">
		GL_AMD_shader_atomic_counter_ops
	</extension>
	<extension index="436">
		WGL_NV_delay_before_swap
	</extension>
	<extension index="437">
		GL_EXT_shader_integer_mix
	</extension>
	<extension index="438">
		GL_NVX_gpu_memory_info
	</extension>
	<extension index="439">
		GL_EXT_debug_label
	</extension>
	<extension index="440">
		GL_EXT_debug_marker
	</extension>
	<extension index="441">
		GL_INTEL_fragment_shader_ordering
	</extension>
	<extension index="442">
		GL_AMD_occlusion_query_event
	</extension>
	<extension index="443">
		GL_INTEL_performance_query
	</extension>
	<extension index="444">
		GL_AMD_shader_stencil_value_export
	</extension>
	<extension index="445">
		GLX_NV_delay_before_swap
	</extension>
	<extension index="446">
		GLX_MESA_query_renderer
	</extension>
	<extension index="447">
		GL_NV_shader_thread_group
	</extension>
	<extension index="448">
		GL_NV_shader_thread_shuffle
	</extension>
	<extension index="449">
		GL_EXT_shader_image_load_formatted
	</extension>
	<extension index="450">
		GL_AMD_transform_feedback4
	</extension>
	<extension index="451">
		GL_AMD_gpu_shader_int64
	</extension>
	<extension index="452">
		GL_EXT_glx_stereo_tree
	</extension>
	<extension index="453">
		GL_AMD_gcn_shader
	</extension>
	<extension index="455">
		GL_NV_shader_atomic_int64
	</extension>
	<extension index="456">
		GL_NV_bindless_multi_draw_indirect_count
	</extension>
	<extension index="457">
		GLX_NV_copy_buffer
	</extension>
	<extension index="458">
		GL_KHR_blend_equation_advanced GL_KHR_blend_equation_advanced_coherent
	</extension>
	<extension index="459">
		GL_NV_uniform_buffer_unified_memory
	</extension>
	<extension index="460">
		GL_EXT_polygon_offset_clamp
	</extension>
	<extension index="461">
		GL_EXT_post_depth_coverage
	</extension>
	<extension index="462">
		GL_EXT_raster_multisample
	</extension>
	<extension index="463">
		GL_EXT_sparse_texture2
	</extension>
	<extension index="464">
		GL_EXT_texture_filter_minmax
	</extension>
	<extension index="465">
		GL_NV_conservative_raster
	</extension>
	<extension index="466">
		GL_NV_fill_rectangle
	</extension>
	<extension index="467">
		GL_NV_fragment_coverage_to_color
	</extension>
	<extension index="468">
		GL_NV_fragment_shader_interlock
	</extension>
	<extension index="469">
		GL_NV_framebuffer_mixed_samples
	</extension>
	<extension index="470">
		GL_NV_geometry_shader_passthrough
	</extension>
	<extension index="471">
		GL_NV_path_rendering_shared_edge
	</extension>
	<extension index="472">
		GL_NV_sample_locations
	</extension>
	<extension index="473">
		GL_NV_sample_mask_override_coverage
	</extension>
	<extension index="474">
		GL_NV_shader_atomic_fp16_vector
	</extension>
	<extension index="475">
		GL_NV_internalformat_sample_query
	</extension>
	<extension index="476">
		GL_NV_viewport_array2
	</extension>
</extensions>