﻿<?xml version="1.0" encoding="utf-8" ?>
<words>
	<word>3DFX</word>
	<word>3DL</word>
	<word>AMD</word>
	<word>ANDROID</word>
	<word>ANGLE</word>
	<word>APPLE</word>
	<word>ARB</word>
	<word>ARM</word>
	<word>ATI</word>
  <word>DMP</word>
	<word>EXT</word>
  <word>FJ</word>
	<word>GREMEDY</word>
	<word>HI</word>
	<word>HP</word>
	<word>I3D</word>
	<word>IBM</word>
	<word>IMG</word>
	<word>INGR</word>
	<word>INTEL</word>
	<word>KHR</word>
	<word>MESA</word>
	<word>MESAX</word>
	<word>MS</word>
	<word>NOK</word>
	<word>NVX</word>
	<word>NV</word>
	<word>GL_NV</word>
	<word>OES</word>
	<word>OML</word>
	<word>OVR</word>
	<word>PGI</word>
	<word>QCOM</word>
	<word>REND</word>
	<word>S3</word>
	<word>SGI</word>
	<word>SGIS</word>
	<word>SGIX</word>
	<word>SUN</word>
	<word>SUNX</word>
	<word>TIZEN</word>
  <word>VIV</word>
	<word>WIN</word>
</words>