﻿<?xml version="1.0" encoding="utf-8" ?>
<words>
	<word>Accum</word>
	<word>Active</word>
	<word>Address</word>
	<word>Addr</word>
	<word>Alpha</word>
	<word>Along</word>
	<word>Apply</word>
	<word>Are</word>
	<word>Arrays</word>
	<word>Array</word>
	<word>Async</word>
	<word>Atomic</word>
	<word>Attached</word>
	<word>Attachment</word>
	<word>Attach</word>
	<word>Attrib1hv</word>
	<word>Attrib1N</word>
	<word>Attrib1</word>
	<word>Attrib2hv</word>
	<word>Attrib2N</word>
	<word>Attrib2</word>
	<word>Attrib3hv</word>
	<word>Attrib3N</word>
	<word>Attrib3</word>
	<word>Attrib4hv</word>
	<word>Attrib4N</word>
	<word>Attrib4ub</word>
	<word>Attrib4</word>
	<word>AttribI1</word>
	<word>AttribI2</word>
	<word>AttribI3</word>
	<word>AttribI4</word>
	<word>AttribI</word>
	<word>AttribL1</word>
	<word>AttribL2</word>
	<word>AttribL3</word>
	<word>AttribL4</word>
	<word>AttribP1</word>
	<word>Attribs1hv</word>
	<word>Attribs1</word>
	<word>Attribs2hv</word>
	<word>Attribs2</word>
	<word>Attribs3hv</word>
	<word>Attribs3</word>
	<word>Attribs4hv</word>
	<word>Attribs4</word>
	<word>Attribs</word>
	<word>Barrier</word>
	<word>Base</word>
	<word>Begin</word>
	<word>Binary</word>
	<word>Binding</word>
	<word>Bind</word>
	<word>Binormal3</word>
	<word>Binormal</word>
	<word>Bitmap</word>
	<word>Blend</word>
	<word>Blit</word>
	<word>Block</word>
	<word>Boolean</word>
	<word>Bounds</word>
	<word>Buffers</word>
	<word>Buffer</word>
	<word>Bump</word>
	<word>By</word>
	<word>Callback</word>
	<word>Call</word>
	<word>Capture</word>
	<word>Check</word>
	<word>Clamp</word>
	<word>Clear</word>
	<word>CLevent</word>
	<word>Client</word>
	<word>Clip</word>
	<word>Codeub</word>
	<word>Codeui</word>
	<word>Codeus</word>
	<word>Code</word>
	<word>Color3h</word>
	<word>Color3</word>
	<word>Color4h</word>
	<word>Color4</word>
	<word>ColorI</word>
	<word>ColorP3</word>
	<word>ColorP4</word>
	<word>Color</word>
	<word>Combiner</word>
	<word>Commands</word>
	<word>Commitment</word>
	<word>Compiler</word>
	<word>Compile</word>
	<word>Component</word>
	<word>Compressed</word>
	<word>Compute</word>
	<word>Conditional</word>
	<word>Constant</word>
	<word>Control</word>
	<word>Convolution</word>
	<word>Coord1h</word>
	<word>Coord1</word>
	<word>Coord2h</word>
	<word>Coord2</word>
	<word>Coord3h</word>
	<word>Coord3</word>
	<word>Coord4h</word>
	<word>Coord4</word>
	<word>Coordh</word>
	<word>CoordP1</word>
	<word>CoordP2</word>
	<word>CoordP3</word>
	<word>CoordP4</word>
	<word>Coord</word>
	<word>Copy</word>
	<word>Counters</word>
	<word>Counter</word>
	<word>Coverage</word>
	<word>Create</word>
	<word>Cull</word>
	<word>Current</word>
	<word>Data</word>
	<word>Dash</word>
	<word>Debug</word>
	<word>Default</word>
	<word>Deformation</word>
	<word>Deform</word>
	<word>Delete</word>
	<word>Depthd</word>
	<word>Depth</word>
	<word>Detach</word>
	<word>Detail</word>
	<word>Disable</word>
	<word>Dispatch</word>
	<word>Divisor</word>
	<word>Double</word>
	<word>Draw</word>
	<word>Dual</word>
	<word>Edge</word>
	<word>Elements</word>
	<word>Element</word>
	<word>Enabled</word>
	<word>Enable</word>
	<word>End</word>
	<word>Env</word>
	<word>Equation</word>
	<word>Error</word>
	<word>Eval</word>
	<word>Execute</word>
	<word>Extract</word>
	<word>Face</word>
	<word>Factorub</word>
	<word>Factorui</word>
	<word>Factorus</word>
	<word>Factor</word>
	<word>Feedbacks</word>
	<word>Feedback</word>
	<word>Fences</word>
	<word>Fence</word>
	<word>Fill</word>
	<word>Filter1D</word>
	<word>Filter2D</word>
	<word>Filter</word>
	<word>Final</word>
	<word>Finish</word>
	<word>Fixed</word>
	<word>Flag</word>
	<word>Float</word>
	<word>Flush</word>
	<word>Fog</word>
	<word>Format</word>
    <word>Foveation</word>
	<word>Fragment</word>
	<word>Frag</word>
	<word>Framebuffers</word>
	<word>Framebuffer</word>
	<word>FrameZoom</word>
	<word>Frame</word>
	<word>Free</word>
	<word>FromC</word>
	<word>Front</word>
	<word>Frustum</word>
	<word>Func</word>
	<word>Generate</word>
	<word>Gen</word>
	<word>Getn</word>
	<word>Get</word>
	<word>Global</word>
	<word>Glyphs</word>
	<word>Graphics</word>
	<word>Grid1</word>
	<word>Grid2</word>
	<word>Groups</word>
	<word>Group</word>
	<word>Handle</word>
	<word>Hint</word>
	<word>Histogram</word>
	<word>I1</word>
	<word>I2</word>
	<word>I3</word>
	<word>I4ui</word>
	<word>I4</word>
	<word>Identity</word>
	<word>Igloo</word>
	<word>Image1D</word>
	<word>Image2D</word>
	<word>Image3D</word>
	<word>Image4D</word>
	<word>Image</word>
	<word>Import</word>
	<word>Include</word>
	<word>Indexed</word>
	<word>Index</word>
	<word>Indices</word>
	<word>Indirect</word>
	<word>Info</word>
	<word>Init</word>
	<word>Input</word>
	<word>Insert</word>
	<word>Instanced</word>
	<word>Instance</word>
	<word>Instruments</word>
	<word>Integer</word>
	<word>Interface</word>
	<word>Interleaved</word>
	<word>Internalformat</word>
	<word>Invariant</word>
	<word>Is</word>
	<word>Keyed</word>
	<word>L1</word>
	<word>L2</word>
	<word>L3</word>
	<word>L4</word>
	<word>Label</word>
	<word>Layer</word>
	<word>Level</word>
	<word>Levent</word>
	<word>Lightxv</word>
	<!-- glGetLightxv/glGetLightxvOES -->
	<word>Lightx</word>
	<!-- glGetLightxOES -->
	<word>Light</word>
	<word>Limit</word>
	<word>Line</word>
	<word>Link</word>
	<word>Lists</word>
	<word>List</word>
	<word>Load</word>
	<word>Local</word>
	<word>Location</word>
	<!-- AttribL and Attrib must be next of Location because 'GetAttribLocation' -->
	<word>AttribL</word>
	<word>Attrib</word>
	<word>Lock</word>
	<word>Logic</word>
	<word>Log</word>
	<word>Lui64v</word>
	<word>Make</word>
	<word>Map1</word>
	<word>Map2</word>
	<word>Map3</word>
	<word>Mapped</word>
	<word>Map</word>
	<word>Marker</word>
	<word>Mask</word>
	<word>Material</word>
	<word>Matrix2x3</word>
	<word>Matrix2x4</word>
	<word>Matrix2</word>
	<word>Matrix3x2</word>
	<word>Matrix3x4</word>
	<word>Matrix3</word>
	<word>Matrix4x2</word>
	<word>Matrix4x3</word>
	<word>Matrix4</word>
	<word>Matrixx</word>
	<word>Matrix</word>
	<word>Memory</word>
	<word>Mesh1</word>
	<word>Mesh2</word>
	<word>Mesh</word>
	<word>Message</word>
	<word>Metrics</word>
	<word>Minmax</word>
	<word>Min</word>
	<word>Mipmap</word>
	<word>Model</word>
	<word>Mode</word>
	<word>Monitors</word>
	<word>Monitor</word>
	<word>Multisample</word>
	<word>Multi</word>
	<word>Mult3x2</word>
	<word>Mult3x3</word>
	<word>Mult</word>
	<word>Named</word>
	<word>Name</word>
	<word>New</word>
	<word>Non</word>
	<word>Normal3h</word>
	<word>Normal3</word>
	<word>Normal</word>
	<word>Nub</word>
	<word>Object</word>
	<word>Occlusion</word>
	<word>Offset</word>
	<word>Op1</word>
	<word>Op2</word>
	<word>Op3</word>
	<word>Op</word>
	<word>Orthox</word>
	<word>Ortho</word>
	<word>Output</word>
	<word>P1</word>
	<word>P2</word>
	<word>P3</word>
	<word>P4</word>
	<word>Page</word>
	<word>Palette</word>
	<word>Parameter4</word>
	<word>ParameterI4</word>
	<word>ParameterI</word>
	<word>Parameters4</word>
	<word>ParametersI4</word>
	<word>ParametersI</word>
	<word>Parameters</word>
	<word>Parameter</word>
	<word>Pass</word>
	<word>Patch</word>
	<word>Paths</word>
	<word>Path</word>
	<word>Pattern</word>
	<word>Pause</word>
	<word>Perf</word>
	<word>Pipelines</word>
	<word>Pipeline</word>
	<word>PixelZoom</word>
	<word>Pixels</word>
	<word>Pixel</word>
	<word>Plane</word>
	<word>PN</word>
	<word>Point1</word>
	<word>Point2</word>
	<word>Pointer</word>
	<word>Point</word>
	<word>Poll</word>
	<word>Polygon</word>
	<word>Pop</word>
	<word>Pos2</word>
	<word>Pos3</word>
	<word>Pos4</word>
	<word>Precision</word>
	<word>Present</word>
	<word>Primitive</word>
	<word>Prioritize</word>
	<word>Proc</word>
	<word>Programs</word>
	<word>Program</word>
	<word>Provoking</word>
	<word>Ptr</word>
	<word>Purgeable</word>
	<word>Push</word>
	<word>Queries</word>
	<word>Queryuiv</word>
	<word>Query</word>
	<word>Ranged</word>
	<word>Range</word>
	<word>Raster</word>
	<word>Readn</word>
	<word>Read</word>
	<word>Rectangles</word>
	<word>Rect</word>
	<word>Reference</word>
	<word>Region</word>
	<word>Register</word>
	<word>Release</word>
	<word>Renderbuffers</word>
	<word>Renderbuffer</word>
	<word>Render</word>
	<word>Replacement</word>
	<word>Request</word>
	<word>Reset</word>
	<word>Resident</word>
	<word>Resize</word>
	<word>Resource</word>
	<word>Restart</word>
	<word>Resume</word>
	<word>Rotate</word>
	<word>Samplers</word>
	<word>Sampler</word>
	<word>Sample</word>
	<word>Scale</word>
	<word>Scissor</word>
	<word>Secondary</word>
	<word>Select</word>
	<word>Semaphore</word>
	<word>Separable</word>
	<word>Separate</word>
	<word>Set</word>
	<word>Shaders</word>
	<word>Shader</word>
	<word>Shade</word>
	<word>Shading</word>
	<word>Sharpen</word>
	<word>Signal</word>
	<word>Size</word>
	<word>Source</word>
	<word>Spacing</word>
	<word>Sprite</word>
	<word>Stage</word>
	<word>Start</word>
	<word>State</word>
	<word>Status</word>
	<word>Stencil</word>
	<word>Stipple</word>
	<word>Stop</word>
	<word>Storage1D</word>
	<word>Storage2D</word>
	<word>Storage3D</word>
	<word>Storage</word>
	<word>Store</word>
	<word>Stream1</word>
	<word>Stream2</word>
	<word>Stream3</word>
	<word>Stream4</word>
	<word>Stream</word>
	<word>String</word>
	<word>Stroke</word>
	<word>Subroutines</word>
	<word>Subroutine</word>
	<word>Sub</word>
	<word>Surface</word>
	<word>Swizzle</word>
	<word>Symbols</word>
	<word>Sync</word>
	<word>Table</word>
	<word>Tag</word>
	<word>Tangent3</word>
	<word>Tangent</word>
	<word>Tbuffer</word>
	<word>Terminator</word>
	<word>Tessellation</word>
	<word>Test</word>
	<word>Texture1D</word>
	<word>Texture2D</word>
	<word>Texture3D</word>
	<word>Textures</word>
	<word>Texture</word>
	<word>Tex</word>
	<word>Then</word>
	<word>Through</word>
	<word>Track</word>
	<word>Transfer</word>
	<word>Transform</word>
	<word>Translate</word>
	<word>Transpose</word>
	<word>Triangles</word>
	<word>Uniform1</word>
	<word>Uniform2</word>
	<word>Uniform3</word>
	<word>Uniform4</word>
	<word>Uniforms</word>
	<word>Uniform</word>
	<word>Unit</word>
	<word>Unlock</word>
	<word>Unmap</word>
	<word>Unpurgeable</word>
	<word>Unregister</word>
	<word>Update</word>
	<word>Use</word>
	<word>Validate</word>
	<word>Variant</word>
	<word>Varyings</word>
	<word>Varying</word>
	<word>VDPAU</word>
	<word>Vertex2h</word>
	<word>Vertex2</word>
	<word>Vertex3h</word>
	<word>Vertex3</word>
	<word>Vertex4h</word>
	<word>Vertex4</word>
	<word>Vertex</word>
	<word>Videoui64v</word>
	<word>Video</word>
	<word>Viewport</word>
	<word>View</word>
	<word>Vk</word>
	<word>Wait</word>
	<word>Weighth</word>
	<word>Weight</word>
	<word>Width</word>
	<word>Window</word>
	<word>Write</word>
</words>