﻿<?xml version="1.0" encoding="utf-8" ?>
<words>
	<word>Accum</word>
	<word>Address</word>
	<word>AssociateDM</word>
	<word>Associate</word>
	<word>Attribs</word>
	<word>Attributes</word>
	<word>Attrib</word>
	<word>Barriers</word>
	<word>Barrier</word>
	<word>Best</word>
	<word>Bind</word>
	<word>Buffers</word>
	<word>Buffer</word>
	<word>Capture</word>
	<word>Change</word>
	<word>Channel</word>
	<word>ChooseFB</word>
	<word>Client</word>
	<word>Configs</word>
	<word>Config</word>
	<word>ContextID</word>
	<word>Context</word>
	<word>Copy</word>
	<word>Count</word>
	<word>CreateGLX</word>
	<word>Create</word>
	<word>Current</word>
	<word>Cushion</word>
	<word>Data</word>
	<word>Deltas</word>
	<word>DestroyGLX</word>
	<word>Destroy</word>
	<word>Devices</word>
	<word>Device</word>
	<word>Dfx</word>
	<word>Direct</word>
	<word>Display</word>
	<word>Drawable</word>
	<word>Enumerate</word>
	<word>Event</word>
	<word>Extensions</word>
	<word>Font</word>
	<word>For</word>
	<word>Frame</word>
	<word>Free</word>
	<word>FromFB</word>
	<word>From</word>
	<word>GetAGP</word>
	<word>GetFB</word>
	<word>Get</word>
	<word>Groups</word>
	<word>Group</word>
	<word>Hyperpipe</word>
	<word>Image</word>
	<word>Import</word>
	<word>Index</word>
	<word>Info</word>
	<word>Interval</word>
	<word>Is</word>
	<word>Join</word>
	<word>Large</word>
	<word>Lock</word>
	<word>Make</word>
	<word>Max</word>
	<word>Mode</word>
	<word>Msc</word>
	<word>Network</word>
	<word>New</word>
	<word>Offset</word>
	<word>Pbuffer</word>
	<word>Pixmap</word>
	<word>Private</word>
	<word>Proc</word>
	<word>QueryGLX</word>
	<word>Query</word>
	<word>Rate</word>
	<word>Read</word>
	<word>Rect</word>
	<word>Release</word>
	<word>Render</word>
	<word>Reply</word>
	<word>Reset</word>
	<word>Sbc</word>
	<word>Selected</word>
	<word>Select</word>
	<word>Send</word>
	<word>Server</word>
	<word>Set3</word>
	<word>Source</word>
	<word>String</word>
	<word>Sub</word>
	<word>Swap</word>
	<word>Sync</word>
	<word>Tex</word>
	<word>To</word>
	<word>Transparent</word>
	<word>UseX</word>
	<word>Values</word>
	<word>Vendor</word>
	<word>Version</word>
	<word>Video</word>
	<word>Visual</word>
	<word>WaitGL</word>
	<word>WaitX</word>
	<word>Wait</word>
	<word>Window</word>
	<word>With</word>
</words>