﻿<?xml version="1.0" encoding="utf-8" ?>
<words>
	<word>Async</word>
	<word>Attrib</word>
	<word>Bind</word>
	<word>Commit</word>
	<word>Create</word>
	<word>Current</word>
	<word>Data</word>
	<word>Destroy</word>
	<word>Devices</word>
	<word>Device</word>
	<word>Display</word>
	<word>Enumerate</word>
	<word>Error</word>
	<word>Event</word>
	<word>Extension</word>
	<word>Filter</word>
	<word>From</word>
	<word>Format</word>
	<word>Get</word>
	<word>Image</word>
	<word>Is</word>
	<word>Layer</word>
	<word>Mask</word>
	<word>Modes</word>
	<word>Mode</word>
	<word>Order</word>
	<word>Pipelines</word>
	<word>Pipeline</word>
	<word>Ports</word>
	<word>Port</word>
	<word>Set</word>
	<word>Source</word>
	<word>Stream</word>
	<word>Strings</word>
	<word>Supported</word>
	<word>To</word>
	<word>Transparency</word>
	<word>TSColor</word>
	<word>Wait</word>
</words>
