﻿<?xml version="1.0" encoding="utf-8" ?>
<words>
	<word>Address</word>
	<word>AffinityDC</word>
	<word>Allocate</word>
	<word>Associated</word>
	<word>Associate</word>
	<word>Attribs</word>
	<word>Attrib</word>
	<word>Barrier</word>
	<word>Begin</word>
	<word>Bind</word>
	<word>BitmapsA</word>
	<word>BitmapsW</word>
	<word>Blit</word>
	<word>Buffers</word>
	<word>Buffer</word>
	<word>Capture</word>
	<word>Choose</word>
	<word>Close</word>
	<word>Color</word>
	<word>ContextGPUID</word>
	<word>Context</word>
	<word>Copy</word>
	<!-- Not really in specification: wglMakeCurrentCore -->
	<word>Core</word>
	<word>Count</word>
	<word>Create</word>
	<word>CurrentDC</word>
	<word>Current</word>
	<word>Data</word>
	<word>Default</word>
	<word>Delay</word>
	<word>DeleteDC</word>
	<word>Delete</word>
	<word>Describe</word>
	<word>Destroy</word>
	<word>Devices</word>
	<word>Device</word>
	<word>Digital</word>
	<word>Disable</word>
	<word>Display</word>
	<word>Ds</word>
	<word>DX</word>
	<word>Edge</word>
	<word>Emitter</word>
	<word>Enabled</word>
	<word>Enable</word>
	<word>End</word>
	<word>Entries</word>
	<word>Enumerate</word>
	<word>Enum</word>
	<word>Events</word>
	<word>Extensions</word>
	<word>Font</word>
	<word>Format</word>
	<word>For</word>
	<word>Framebuffer</word>
	<word>Frame</word>
	<word>Free</word>
	<word>From</word>
	<word>Gamma</word>
	<word>Gdi</word>
	<word>Genlock</word>
	<word>GetGPUID</word>
	<word>GetGPUInfo</word>
	<word>GetGPUI</word>
	<word>GetGPU</word>
	<word>Get</word>
	<word>Gpus</word>
	<word>Gpu</word>
	<word>GPU</word>
	<word>Groups</word>
	<word>Group</word>
	<word>Handle</word>
	<word>ID</word>
	<word>Image</word>
	<word>Info</word>
	<word>Interval</word>
	<word>Is</word>
	<word>Join</word>
	<word>Layer</word>
	<word>Lists</word>
	<word>Load</word>
	<word>Lock</word>
	<word>Make</word>
	<word>Master</word>
	<word>Max</word>
	<word>Memory</word>
	<word>Msc</word>
	<word>Object</word>
	<word>Open</word>
	<word>OutlinesA</word>
	<word>OutlinesW</word>
	<word>Palette</word>
	<word>Parameters</word>
	<word>PbufferDC</word>
	<word>Pbuffer</word>
	<word>Pixel</word>
	<word>Plane</word>
	<word>Proc</word>
	<word>Query</word>
	<word>Rate</word>
	<word>ReadDC</word>
	<word>Realize</word>
	<word>Region</word>
	<word>Register</word>
	<word>Release</word>
	<word>Reset</word>
	<word>Resource</word>
	<word>Restore</word>
	<word>Sample</word>
	<word>Save</word>
	<word>Sbc</word>
	<word>Send</word>
	<word>Set</word>
	<word>Share</word>
	<word>Source</word>
	<word>State3DL</word>
	<word>Stereo</word>
	<word>String</word>
	<word>Sub</word>
	<word>Swap</word>
	<word>Sync</word>
	<word>Table</word>
	<word>Tex</word>
	<word>To</word>
	<word>Tracking</word>
	<word>Unregister</word>
	<word>Usage</word>
	<word>Use</word>
	<word>Values</word>
	<word>Video</word>
	<word>Wait</word>
</words>
