﻿<?xml version="1.0" encoding="utf-8" ?>
<Root>

  <!-- Add user-defined facet overlays here... -->

  <SampleFacetOverlay>
    <BodyType>Dynamic</BodyType>
    <Friction>0.5</Friction>
    <CollisionExpression>Circle</CollisionExpression>
  </SampleFacetOverlay>

  <!-- Add user-defined dispatcher overlays here... -->

  <SampleDispatcherOverlay include="{EntityDispatcher}">
    <Size>100;100</Size>
    <FacetNames>{SpriteFacet}</FacetNames>
  </SampleDispatcherOverlay>

</Root>