﻿<?xml version="1.0" encoding="utf-8" ?>
<ShadersLibrary xmlns="http://schemas.datacontract.org/2004/07/OpenGL.Objects" xmlns:i="http://www.w3.org/2001/XMLSchema-instance">

	<!-- Program Objects -->
	<Objects>
		<Object>
			<Resource>OpenGL.Objects.Shaders.Font.Vertex.FontPatch.glsl</Resource>
			<TestStage>VertexShader</TestStage>
		</Object>
		<Object>
			<Resource>OpenGL.Objects.Shaders.Font.Fragment.FontPatch.glsl</Resource>
			<TestStage>FragmentShader</TestStage>
		</Object>
		<Object>
			<Resource>OpenGL.Objects.Shaders.Font.Vertex.FontTextureArray.glsl</Resource>
			<TestStage>VertexShader</TestStage>
		</Object>
		<Object>
			<Resource>OpenGL.Objects.Shaders.Font.Fragment.FontTextureArray.glsl</Resource>
			<TestStage>FragmentShader</TestStage>
		</Object>
	</Objects>

	<Programs>

		<!-- FontPatch -->
		<Program>
			<Id>OpenGL.FontPatch</Id>
			<Objects>
				<Object>
					<Resource>OpenGL.Objects.Shaders.Font.Vertex.FontPatch.glsl</Resource>
					<Stage>VertexShader</Stage>
				</Object>
				<Object>
					<Resource>OpenGL.Objects.Shaders.Font.Fragment.FontPatch.glsl</Resource>
					<Stage>FragmentShader</Stage>
				</Object>
			</Objects>

			<Attributes>
				<Attribute>
					<Name>glo_Position</Name>
					<Semantic>Position</Semantic>
					<Location>0</Location>
				</Attribute>
			</Attributes>

			<Uniforms>
				<Uniform>
					<Name>glo_ModelViewProjection</Name>
					<Semantic>ModelViewProjection</Semantic>
				</Uniform>
				<Uniform>
					<Name>glo_UniformColor</Name>
					<Semantic>Color</Semantic>
				</Uniform>
			</Uniforms>

			<Extensions>
				<Extension>
					<Name>GL_ARB_shader_draw_parameters</Name>
					<Behavior>Enable</Behavior>
				</Extension>
			</Extensions>

		</Program>

		<!-- FontTextureArray -->
		<Program>
			<Id>OpenGL.FontTextureArray</Id>
			<Objects>
				<Object>
					<Resource>OpenGL.Objects.Shaders.Font.Vertex.FontTextureArray.glsl</Resource>
					<Stage>VertexShader</Stage>
				</Object>
				<Object>
					<Resource>OpenGL.Objects.Shaders.Font.Fragment.FontTextureArray.glsl</Resource>
					<Stage>FragmentShader</Stage>
				</Object>
			</Objects>

			<Attributes>
				<Attribute>
					<Name>glo_Position</Name>
					<Semantic>Position</Semantic>
					<Location>0</Location>
				</Attribute>
			</Attributes>

			<Uniforms>
				<Uniform>
					<Name>glo_ModelViewProjection</Name>
					<Semantic>ModelViewProjection</Semantic>
				</Uniform>
				<Uniform>
					<Name>glo_UniformColor</Name>
					<Semantic>Color</Semantic>
				</Uniform>
			</Uniforms>
		</Program>

		<!-- FontTextureArray+Instanced -->
		<Program>
			<Id>OpenGL.FontTextureArray+Instanced</Id>
			<Objects>
				<Object>
					<Resource>OpenGL.Objects.Shaders.Font.Vertex.FontTextureArray.glsl</Resource>
					<Stage>VertexShader</Stage>
					<Symbols>
						<Symbol>GLO_INSTANCED</Symbol>
					</Symbols>
				</Object>
				<Object>
					<Resource>OpenGL.Objects.Shaders.Font.Fragment.FontTextureArray.glsl</Resource>
					<Stage>FragmentShader</Stage>
				</Object>
			</Objects>

			<Attributes>
				<Attribute>
					<Name>glo_Position</Name>
					<Semantic>Position</Semantic>
					<Location>0</Location>
				</Attribute>
			</Attributes>

			<Uniforms>
				<Uniform>
					<Name>glo_ModelViewProjection</Name>
					<Semantic>ModelViewProjection</Semantic>
				</Uniform>
				<Uniform>
					<Name>glo_UniformColor</Name>
					<Semantic>Color</Semantic>
				</Uniform>
			</Uniforms>
		</Program>

		<!-- FontTextureArray+InstancedArrays -->
		<Program Id="OpenGL.FontTextureArray+InstancedArrays">
			<Id>OpenGL.FontTextureArray+InstancedArrays</Id>
			<Objects>
				<Object>
					<Resource>OpenGL.Objects.Shaders.Font.Vertex.FontTextureArray.glsl</Resource>
					<Stage>VertexShader</Stage>
					<Symbols>
						<Symbol>GLO_INSTANCED_ARRAY</Symbol>
					</Symbols>
				</Object>
				<Object>
					<Resource>OpenGL.Objects.Shaders.Font.Fragment.FontTextureArray.glsl</Resource>
					<Stage>FragmentShader</Stage>
				</Object>
			</Objects>

			<Attributes>
				<Attribute>
					<Name>glo_Position</Name>
					<Semantic>Position</Semantic>
					<Location>0</Location>
				</Attribute>
			</Attributes>

			<Uniforms>
				<Uniform>
					<Name>glo_ModelViewProjection</Name>
					<Semantic>ModelViewProjection</Semantic>
				</Uniform>
				<Uniform>
					<Name>glo_UniformColor</Name>
					<Semantic>Color</Semantic>
				</Uniform>
			</Uniforms>
		</Program>

	</Programs>

</ShadersLibrary>